Precinct,0_HISP_noise,1_HISP_noise,2_HISP_noise,3_HISP_noise,4_HISP_noise,5_HISP_noise,6_HISP_noise,7_HISP_noise,8_HISP_noise,9_HISP_noise,10_HISP_noise,11_HISP_noise,12_HISP_noise,13_HISP_noise,14_HISP_noise,15_HISP_noise,0_NHWHITE_noise,1_NHWHITE_noise,2_NHWHITE_noise,3_NHWHITE_noise,4_NHWHITE_noise,5_NHWHITE_noise,6_NHWHITE_noise,7_NHWHITE_noise,8_NHWHITE_noise,9_NHWHITE_noise,10_NHWHITE_noise,11_NHWHITE_noise,12_NHWHITE_noise,13_NHWHITE_noise,14_NHWHITE_noise,15_NHWHITE_noise,0_NHBLACK_noise,1_NHBLACK_noise,2_NHBLACK_noise,3_NHBLACK_noise,4_NHBLACK_noise,5_NHBLACK_noise,6_NHBLACK_noise,7_NHBLACK_noise,8_NHBLACK_noise,9_NHBLACK_noise,10_NHBLACK_noise,11_NHBLACK_noise,12_NHBLACK_noise,13_NHBLACK_noise,14_NHBLACK_noise,15_NHBLACK_noise,0_NHAMIN_noise,1_NHAMIN_noise,2_NHAMIN_noise,3_NHAMIN_noise,4_NHAMIN_noise,5_NHAMIN_noise,6_NHAMIN_noise,7_NHAMIN_noise,8_NHAMIN_noise,9_NHAMIN_noise,10_NHAMIN_noise,11_NHAMIN_noise,12_NHAMIN_noise,13_NHAMIN_noise,14_NHAMIN_noise,15_NHAMIN_noise,0_NHASIAN_noise,1_NHASIAN_noise,2_NHASIAN_noise,3_NHASIAN_noise,4_NHASIAN_noise,5_NHASIAN_noise,6_NHASIAN_noise,7_NHASIAN_noise,8_NHASIAN_noise,9_NHASIAN_noise,10_NHASIAN_noise,11_NHASIAN_noise,12_NHASIAN_noise,13_NHASIAN_noise,14_NHASIAN_noise,15_NHASIAN_noise,0_NHHAWAIIAN_noise,1_NHHAWAIIAN_noise,2_NHHAWAIIAN_noise,3_NHHAWAIIAN_noise,4_NHHAWAIIAN_noise,5_NHHAWAIIAN_noise,6_NHHAWAIIAN_noise,7_NHHAWAIIAN_noise,8_NHHAWAIIAN_noise,9_NHHAWAIIAN_noise,10_NHHAWAIIAN_noise,11_NHHAWAIIAN_noise,12_NHHAWAIIAN_noise,13_NHHAWAIIAN_noise,14_NHHAWAIIAN_noise,15_NHHAWAIIAN_noise,0_NHOTHER_noise,1_NHOTHER_noise,2_NHOTHER_noise,3_NHOTHER_noise,4_NHOTHER_noise,5_NHOTHER_noise,6_NHOTHER_noise,7_NHOTHER_noise,8_NHOTHER_noise,9_NHOTHER_noise,10_NHOTHER_noise,11_NHOTHER_noise,12_NHOTHER_noise,13_NHOTHER_noise,14_NHOTHER_noise,15_NHOTHER_noise,0_HVAP_noise,1_HVAP_noise,2_HVAP_noise,3_HVAP_noise,4_HVAP_noise,5_HVAP_noise,6_HVAP_noise,7_HVAP_noise,8_HVAP_noise,9_HVAP_noise,10_HVAP_noise,11_HVAP_noise,12_HVAP_noise,13_HVAP_noise,14_HVAP_noise,15_HVAP_noise,0_WVAP_noise,1_WVAP_noise,2_WVAP_noise,3_WVAP_noise,4_WVAP_noise,5_WVAP_noise,6_WVAP_noise,7_WVAP_noise,8_WVAP_noise,9_WVAP_noise,10_WVAP_noise,11_WVAP_noise,12_WVAP_noise,13_WVAP_noise,14_WVAP_noise,15_WVAP_noise,0_BVAP_noise,1_BVAP_noise,2_BVAP_noise,3_BVAP_noise,4_BVAP_noise,5_BVAP_noise,6_BVAP_noise,7_BVAP_noise,8_BVAP_noise,9_BVAP_noise,10_BVAP_noise,11_BVAP_noise,12_BVAP_noise,13_BVAP_noise,14_BVAP_noise,15_BVAP_noise,0_AMINVAP_noise,1_AMINVAP_noise,2_AMINVAP_noise,3_AMINVAP_noise,4_AMINVAP_noise,5_AMINVAP_noise,6_AMINVAP_noise,7_AMINVAP_noise,8_AMINVAP_noise,9_AMINVAP_noise,10_AMINVAP_noise,11_AMINVAP_noise,12_AMINVAP_noise,13_AMINVAP_noise,14_AMINVAP_noise,15_AMINVAP_noise,0_ASIANVAP_noise,1_ASIANVAP_noise,2_ASIANVAP_noise,3_ASIANVAP_noise,4_ASIANVAP_noise,5_ASIANVAP_noise,6_ASIANVAP_noise,7_ASIANVAP_noise,8_ASIANVAP_noise,9_ASIANVAP_noise,10_ASIANVAP_noise,11_ASIANVAP_noise,12_ASIANVAP_noise,13_ASIANVAP_noise,14_ASIANVAP_noise,15_ASIANVAP_noise,0_HAWAIIANVAP_noise,1_HAWAIIANVAP_noise,2_HAWAIIANVAP_noise,3_HAWAIIANVAP_noise,4_HAWAIIANVAP_noise,5_HAWAIIANVAP_noise,6_HAWAIIANVAP_noise,7_HAWAIIANVAP_noise,8_HAWAIIANVAP_noise,9_HAWAIIANVAP_noise,10_HAWAIIANVAP_noise,11_HAWAIIANVAP_noise,12_HAWAIIANVAP_noise,13_HAWAIIANVAP_noise,14_HAWAIIANVAP_noise,15_HAWAIIANVAP_noise,0_OTHERVAP_noise,1_OTHERVAP_noise,2_OTHERVAP_noise,3_OTHERVAP_noise,4_OTHERVAP_noise,5_OTHERVAP_noise,6_OTHERVAP_noise,7_OTHERVAP_noise,8_OTHERVAP_noise,9_OTHERVAP_noise,10_OTHERVAP_noise,11_OTHERVAP_noise,12_OTHERVAP_noise,13_OTHERVAP_noise,14_OTHERVAP_noise,15_OTHERVAP_noise,0_VAP_noise,1_VAP_noise,2_VAP_noise,3_VAP_noise,4_VAP_noise,5_VAP_noise,6_VAP_noise,7_VAP_noise,8_VAP_noise,9_VAP_noise,10_VAP_noise,11_VAP_noise,12_VAP_noise,13_VAP_noise,14_VAP_noise,15_VAP_noise
270101,1368.0,1236.0,1265.0,1315.0,1201.0,1325.0,1210.0,1229.0,1284.0,1192.0,1430.0,1524.0,1316.0,1365.0,1388.0,1467.0,6727.0,6931.0,6848.0,6970.0,6826.0,6769.0,6871.0,6953.0,6929.0,6863.0,6930.0,6950.0,6846.0,6923.0,6862.0,6933.0,565.0,466.0,509.0,474.0,494.0,452.0,473.0,516.0,501.0,421.0,397.0,439.0,515.0,430.0,515.0,521.0,59.0,1.0,51.0,43.0,23.0,3.0,34.0,41.0,40.0,19.0,0.0,21.0,42.0,47.0,22.0,40.0,139.0,182.0,159.0,161.0,110.0,223.0,115.0,175.0,218.0,168.0,234.0,215.0,268.0,157.0,234.0,184.0,2.0,13.0,0.0,74.0,70.0,4.0,7.0,8.0,13.0,28.0,30.0,15.0,62.0,177.0,46.0,32.0,214.0,156.0,157.0,231.0,165.0,198.0,228.0,197.0,152.0,235.0,110.0,208.0,153.0,167.0,245.0,185.0,826.0,718.0,889.0,825.0,758.0,793.0,763.0,750.0,873.0,783.0,887.0,1031.0,814.0,887.0,931.0,889.0,5407.0,5503.0,5476.0,5552.0,5492.0,5423.0,5488.0,5556.0,5515.0,5455.0,5516.0,5500.0,5506.0,5557.0,5457.0,5568.0,442.0,370.0,406.0,376.0,404.0,348.0,413.0,427.0,389.0,393.0,355.0,346.0,451.0,362.0,443.0,420.0,0.0,1.0,45.0,29.0,23.0,3.0,34.0,22.0,40.0,19.0,0.0,21.0,16.0,47.0,22.0,40.0,130.0,152.0,144.0,158.0,72.0,196.0,80.0,159.0,172.0,147.0,179.0,146.0,268.0,157.0,197.0,171.0,0.0,2.0,0.0,30.0,51.0,0.0,7.0,8.0,0.0,6.0,24.0,0.0,5.0,148.0,6.0,32.0,133.0,99.0,108.0,123.0,55.0,100.0,124.0,80.0,79.0,63.0,63.0,106.0,62.0,138.0,90.0,100.0,6938.0,6845.0,7068.0,7093.0,6855.0,6863.0,6909.0,7002.0,7068.0,6866.0,7024.0,7150.0,7122.0,7296.0,7146.0,7220.0
270102,1180.0,1349.0,1254.0,1255.0,1230.0,1206.0,1245.0,1178.0,1226.0,1297.0,1104.0,1381.0,1101.0,1336.0,1251.0,1367.0,3264.0,3327.0,3290.0,3327.0,3297.0,3251.0,3372.0,3237.0,3377.0,3286.0,3342.0,3281.0,3303.0,3342.0,3262.0,3377.0,118.0,176.0,220.0,201.0,140.0,138.0,151.0,191.0,208.0,178.0,144.0,97.0,208.0,163.0,247.0,172.0,19.0,31.0,21.0,6.0,23.0,29.0,42.0,36.0,21.0,15.0,18.0,28.0,31.0,24.0,15.0,17.0,25.0,61.0,43.0,44.0,48.0,63.0,61.0,113.0,107.0,42.0,66.0,14.0,96.0,107.0,76.0,42.0,26.0,59.0,3.0,52.0,68.0,5.0,12.0,0.0,16.0,10.0,14.0,5.0,91.0,35.0,49.0,7.0,43.0,50.0,111.0,96.0,77.0,74.0,110.0,183.0,98.0,111.0,120.0,101.0,57.0,103.0,50.0,90.0,751.0,780.0,787.0,749.0,773.0,808.0,735.0,773.0,752.0,797.0,609.0,865.0,724.0,792.0,770.0,876.0,2566.0,2609.0,2581.0,2552.0,2594.0,2577.0,2617.0,2601.0,2671.0,2583.0,2632.0,2629.0,2573.0,2601.0,2577.0,2614.0,105.0,84.0,129.0,119.0,122.0,110.0,134.0,151.0,137.0,134.0,99.0,56.0,156.0,73.0,170.0,117.0,2.0,31.0,11.0,6.0,23.0,29.0,42.0,6.0,21.0,15.0,14.0,12.0,11.0,24.0,11.0,17.0,25.0,53.0,28.0,22.0,17.0,43.0,35.0,61.0,95.0,16.0,61.0,10.0,81.0,28.0,39.0,13.0,10.0,5.0,2.0,9.0,41.0,0.0,9.0,0.0,16.0,4.0,14.0,5.0,41.0,29.0,14.0,2.0,33.0,13.0,82.0,41.0,47.0,26.0,57.0,72.0,78.0,42.0,67.0,40.0,19.0,79.0,41.0,56.0,3492.0,3575.0,3620.0,3498.0,3617.0,3593.0,3629.0,3664.0,3770.0,3591.0,3496.0,3617.0,3605.0,3626.0,3622.0,3695.0
270103,3880.0,3745.0,3711.0,4151.0,3966.0,3894.0,3875.0,3673.0,3793.0,3758.0,3861.0,3809.0,3688.0,3773.0,3897.0,3897.0,5155.0,5284.0,5261.0,5277.0,5233.0,5223.0,5189.0,5168.0,5216.0,5205.0,5263.0,5212.0,5357.0,5128.0,5189.0,5176.0,993.0,955.0,1006.0,941.0,1013.0,931.0,1015.0,939.0,958.0,937.0,990.0,942.0,998.0,991.0,1103.0,959.0,0.0,35.0,24.0,41.0,15.0,120.0,61.0,75.0,29.0,2.0,42.0,70.0,10.0,10.0,71.0,52.0,81.0,194.0,63.0,140.0,31.0,171.0,135.0,50.0,138.0,157.0,93.0,65.0,37.0,45.0,124.0,130.0,11.0,68.0,5.0,105.0,22.0,0.0,109.0,0.0,101.0,17.0,39.0,20.0,45.0,68.0,22.0,15.0,73.0,149.0,128.0,276.0,107.0,149.0,277.0,155.0,239.0,212.0,205.0,111.0,178.0,211.0,110.0,240.0,2456.0,2336.0,2185.0,2481.0,2319.0,2396.0,2419.0,2287.0,2402.0,2344.0,2381.0,2327.0,2284.0,2445.0,2420.0,2428.0,4015.0,4167.0,4134.0,4083.0,4085.0,4073.0,4052.0,4026.0,4046.0,4045.0,4074.0,4088.0,4128.0,4083.0,4113.0,4113.0,751.0,705.0,761.0,718.0,750.0,704.0,835.0,722.0,761.0,749.0,652.0,647.0,787.0,774.0,817.0,765.0,0.0,35.0,24.0,41.0,15.0,120.0,61.0,35.0,14.0,2.0,41.0,25.0,10.0,10.0,49.0,52.0,80.0,71.0,63.0,82.0,22.0,70.0,84.0,19.0,120.0,103.0,93.0,63.0,30.0,10.0,33.0,81.0,2.0,0.0,0.0,29.0,0.0,0.0,72.0,0.0,91.0,6.0,32.0,18.0,10.0,31.0,20.0,15.0,46.0,111.0,74.0,99.0,34.0,68.0,134.0,74.0,159.0,70.0,84.0,111.0,109.0,55.0,66.0,150.0,7350.0,7425.0,7241.0,7533.0,7225.0,7431.0,7657.0,7163.0,7593.0,7319.0,7357.0,7279.0,7358.0,7408.0,7518.0,7604.0
270104,1000.0,1041.0,1040.0,963.0,845.0,979.0,1182.0,947.0,976.0,876.0,1010.0,1080.0,1017.0,1145.0,1069.0,1031.0,6960.0,7061.0,7006.0,7088.0,7027.0,7111.0,7116.0,7041.0,6934.0,7050.0,7044.0,7050.0,7038.0,7103.0,6934.0,7052.0,189.0,232.0,182.0,157.0,217.0,187.0,231.0,311.0,186.0,129.0,342.0,320.0,188.0,140.0,189.0,190.0,82.0,35.0,97.0,16.0,1.0,31.0,56.0,48.0,33.0,17.0,87.0,58.0,4.0,28.0,130.0,39.0,148.0,156.0,19.0,109.0,51.0,89.0,112.0,187.0,101.0,79.0,129.0,146.0,136.0,151.0,130.0,143.0,31.0,26.0,0.0,0.0,24.0,0.0,0.0,3.0,0.0,6.0,16.0,5.0,114.0,32.0,0.0,2.0,160.0,129.0,76.0,179.0,142.0,198.0,111.0,41.0,100.0,133.0,172.0,132.0,136.0,122.0,70.0,65.0,618.0,571.0,560.0,578.0,500.0,666.0,711.0,465.0,538.0,533.0,557.0,512.0,585.0,681.0,547.0,545.0,5251.0,5260.0,5269.0,5306.0,5294.0,5328.0,5306.0,5258.0,5264.0,5269.0,5291.0,5267.0,5274.0,5315.0,5208.0,5290.0,135.0,177.0,113.0,146.0,136.0,146.0,147.0,199.0,95.0,94.0,269.0,150.0,157.0,102.0,130.0,127.0,7.0,26.0,85.0,16.0,1.0,31.0,56.0,48.0,27.0,8.0,14.0,58.0,4.0,28.0,38.0,39.0,148.0,32.0,19.0,109.0,8.0,57.0,75.0,147.0,83.0,27.0,54.0,90.0,65.0,113.0,123.0,112.0,23.0,0.0,0.0,0.0,0.0,0.0,0.0,3.0,0.0,6.0,0.0,5.0,114.0,32.0,0.0,2.0,67.0,68.0,66.0,127.0,66.0,146.0,89.0,11.0,63.0,49.0,116.0,74.0,40.0,63.0,70.0,9.0,6249.0,6134.0,6112.0,6282.0,6005.0,6374.0,6384.0,6131.0,6070.0,5986.0,6301.0,6156.0,6239.0,6334.0,6116.0,6124.0
270105,467.0,329.0,552.0,498.0,390.0,491.0,457.0,570.0,428.0,404.0,507.0,422.0,487.0,474.0,366.0,507.0,2082.0,2103.0,2088.0,2031.0,2059.0,2039.0,2065.0,2098.0,2036.0,2055.0,2104.0,2070.0,2124.0,2046.0,2053.0,2102.0,30.0,40.0,45.0,27.0,58.0,24.0,18.0,15.0,50.0,59.0,48.0,38.0,38.0,31.0,52.0,38.0,9.0,0.0,61.0,0.0,27.0,16.0,0.0,4.0,43.0,7.0,0.0,0.0,0.0,11.0,0.0,0.0,10.0,18.0,26.0,20.0,10.0,3.0,0.0,0.0,20.0,30.0,25.0,28.0,6.0,16.0,69.0,4.0,0.0,9.0,15.0,0.0,0.0,5.0,0.0,0.0,5.0,0.0,25.0,0.0,14.0,3.0,0.0,7.0,70.0,14.0,101.0,73.0,61.0,39.0,30.0,56.0,23.0,30.0,2.0,31.0,56.0,58.0,15.0,161.0,302.0,212.0,285.0,311.0,262.0,301.0,291.0,433.0,280.0,254.0,317.0,261.0,289.0,272.0,211.0,289.0,1573.0,1565.0,1559.0,1532.0,1519.0,1529.0,1585.0,1588.0,1527.0,1564.0,1603.0,1513.0,1613.0,1556.0,1537.0,1603.0,18.0,40.0,7.0,0.0,58.0,4.0,18.0,10.0,37.0,43.0,48.0,38.0,21.0,15.0,52.0,37.0,0.0,0.0,61.0,0.0,27.0,0.0,0.0,0.0,43.0,7.0,0.0,0.0,0.0,11.0,0.0,0.0,2.0,18.0,14.0,20.0,0.0,3.0,0.0,0.0,3.0,30.0,25.0,0.0,6.0,16.0,26.0,4.0,0.0,9.0,14.0,0.0,0.0,5.0,0.0,0.0,5.0,0.0,25.0,0.0,0.0,3.0,0.0,1.0,28.0,0.0,30.0,15.0,12.0,18.0,30.0,27.0,1.0,6.0,0.0,0.0,56.0,45.0,15.0,25.0,1923.0,1844.0,1970.0,1878.0,1878.0,1860.0,1924.0,2058.0,1896.0,1904.0,2018.0,1812.0,1985.0,1918.0,1841.0,1959.0
270106,2684.0,2445.0,2412.0,2320.0,2371.0,2084.0,2499.0,2384.0,2393.0,2679.0,2721.0,2400.0,2240.0,2554.0,2568.0,2638.0,3805.0,3766.0,3822.0,3879.0,3767.0,3914.0,3772.0,3881.0,3770.0,3801.0,3889.0,3823.0,3930.0,3788.0,3782.0,3893.0,3826.0,3611.0,3581.0,3867.0,3852.0,3791.0,3743.0,3778.0,3913.0,3805.0,3936.0,3811.0,3891.0,3856.0,3907.0,3666.0,18.0,60.0,47.0,181.0,164.0,56.0,8.0,39.0,13.0,3.0,55.0,63.0,168.0,64.0,104.0,107.0,288.0,278.0,363.0,314.0,372.0,310.0,362.0,338.0,544.0,349.0,396.0,335.0,461.0,333.0,208.0,258.0,205.0,136.0,144.0,38.0,119.0,65.0,33.0,88.0,232.0,65.0,69.0,135.0,53.0,96.0,172.0,64.0,591.0,512.0,575.0,558.0,442.0,661.0,641.0,516.0,559.0,473.0,511.0,470.0,612.0,688.0,787.0,564.0,1542.0,1489.0,1410.0,1504.0,1514.0,1206.0,1572.0,1531.0,1361.0,1734.0,1523.0,1550.0,1375.0,1494.0,1602.0,1544.0,2939.0,2879.0,2959.0,2916.0,2877.0,3022.0,2944.0,2951.0,2914.0,2885.0,3033.0,3049.0,3001.0,2900.0,2918.0,2991.0,2597.0,2428.0,2445.0,2609.0,2654.0,2516.0,2548.0,2517.0,2594.0,2559.0,2656.0,2580.0,2642.0,2584.0,2582.0,2562.0,18.0,32.0,10.0,163.0,104.0,56.0,8.0,39.0,13.0,3.0,8.0,63.0,139.0,55.0,14.0,67.0,178.0,253.0,333.0,307.0,249.0,310.0,325.0,329.0,370.0,349.0,381.0,264.0,452.0,301.0,205.0,249.0,159.0,88.0,108.0,15.0,86.0,45.0,33.0,63.0,36.0,65.0,51.0,96.0,35.0,51.0,148.0,56.0,308.0,255.0,298.0,252.0,206.0,350.0,311.0,243.0,296.0,277.0,182.0,184.0,327.0,371.0,452.0,270.0,7741.0,7424.0,7563.0,7766.0,7690.0,7505.0,7741.0,7673.0,7584.0,7872.0,7834.0,7786.0,7971.0,7756.0,7921.0,7739.0
270107,320.0,360.0,258.0,455.0,300.0,339.0,387.0,374.0,290.0,430.0,324.0,402.0,333.0,373.0,369.0,391.0,558.0,541.0,616.0,611.0,587.0,597.0,531.0,608.0,634.0,586.0,586.0,607.0,553.0,586.0,563.0,617.0,78.0,65.0,32.0,61.0,31.0,65.0,46.0,33.0,75.0,29.0,63.0,86.0,33.0,90.0,62.0,32.0,1.0,0.0,0.0,0.0,12.0,0.0,0.0,3.0,0.0,0.0,34.0,2.0,8.0,0.0,0.0,1.0,0.0,38.0,10.0,61.0,9.0,0.0,3.0,0.0,0.0,17.0,14.0,0.0,1.0,22.0,10.0,0.0,7.0,0.0,0.0,8.0,1.0,27.0,0.0,2.0,0.0,0.0,26.0,0.0,3.0,0.0,6.0,13.0,4.0,10.0,5.0,39.0,24.0,7.0,32.0,15.0,16.0,3.0,1.0,0.0,8.0,54.0,7.0,38.0,179.0,213.0,159.0,312.0,179.0,232.0,203.0,228.0,215.0,227.0,209.0,249.0,179.0,202.0,222.0,234.0,485.0,427.0,483.0,494.0,477.0,484.0,436.0,485.0,539.0,499.0,501.0,516.0,498.0,457.0,467.0,507.0,70.0,41.0,32.0,55.0,31.0,54.0,43.0,21.0,37.0,29.0,45.0,70.0,27.0,77.0,62.0,26.0,1.0,0.0,0.0,0.0,6.0,0.0,0.0,3.0,0.0,0.0,34.0,1.0,8.0,0.0,0.0,1.0,0.0,33.0,10.0,3.0,9.0,0.0,3.0,0.0,0.0,17.0,12.0,0.0,0.0,15.0,0.0,0.0,7.0,0.0,0.0,8.0,0.0,27.0,0.0,2.0,0.0,0.0,26.0,0.0,3.0,0.0,6.0,13.0,0.0,10.0,0.0,10.0,24.0,7.0,27.0,7.0,6.0,3.0,0.0,0.0,3.0,29.0,0.0,21.0,742.0,724.0,684.0,882.0,726.0,804.0,712.0,746.0,797.0,775.0,827.0,836.0,718.0,780.0,757.0,802.0
270108,427.0,414.0,458.0,494.0,468.0,415.0,333.0,406.0,425.0,357.0,464.0,351.0,512.0,432.0,532.0,462.0,1804.0,1843.0,1885.0,1813.0,1888.0,1854.0,1708.0,1824.0,1810.0,1896.0,1808.0,1861.0,1829.0,1856.0,1808.0,1804.0,27.0,114.0,46.0,39.0,33.0,62.0,43.0,17.0,45.0,21.0,48.0,34.0,69.0,14.0,60.0,42.0,8.0,0.0,0.0,0.0,18.0,0.0,0.0,5.0,2.0,12.0,4.0,8.0,14.0,7.0,0.0,17.0,1.0,0.0,6.0,40.0,14.0,0.0,13.0,2.0,10.0,12.0,25.0,0.0,22.0,0.0,5.0,20.0,0.0,0.0,16.0,0.0,6.0,14.0,2.0,4.0,0.0,0.0,1.0,0.0,10.0,0.0,15.0,10.0,9.0,29.0,0.0,85.0,0.0,27.0,31.0,55.0,14.0,2.0,4.0,1.0,21.0,0.0,0.0,10.0,229.0,235.0,264.0,285.0,238.0,245.0,206.0,248.0,243.0,203.0,286.0,213.0,240.0,225.0,305.0,291.0,1426.0,1443.0,1450.0,1437.0,1452.0,1408.0,1329.0,1426.0,1396.0,1466.0,1389.0,1419.0,1439.0,1445.0,1399.0,1383.0,24.0,91.0,21.0,24.0,27.0,20.0,14.0,9.0,35.0,4.0,20.0,33.0,68.0,14.0,52.0,0.0,8.0,0.0,0.0,0.0,0.0,0.0,0.0,5.0,2.0,12.0,4.0,1.0,14.0,0.0,0.0,17.0,1.0,0.0,6.0,27.0,14.0,0.0,13.0,2.0,10.0,12.0,20.0,0.0,0.0,0.0,4.0,1.0,0.0,0.0,1.0,0.0,0.0,0.0,2.0,4.0,0.0,0.0,1.0,0.0,10.0,0.0,15.0,10.0,9.0,0.0,0.0,28.0,0.0,14.0,4.0,35.0,12.0,2.0,0.0,1.0,15.0,0.0,0.0,10.0,1697.0,1769.0,1742.0,1801.0,1731.0,1687.0,1568.0,1729.0,1698.0,1699.0,1720.0,1667.0,1786.0,1684.0,1775.0,1712.0
270109,1236.0,1145.0,1180.0,1167.0,1102.0,1075.0,1267.0,1132.0,1102.0,1091.0,1254.0,1215.0,1164.0,1214.0,1078.0,945.0,2157.0,2201.0,2149.0,2232.0,2121.0,2185.0,2164.0,2167.0,2161.0,2175.0,2103.0,2194.0,2176.0,2186.0,2157.0,2216.0,1806.0,1832.0,1699.0,1665.0,1647.0,1802.0,1610.0,1700.0,1803.0,1728.0,1689.0,1745.0,1755.0,1721.0,1711.0,1717.0,45.0,149.0,40.0,41.0,83.0,13.0,31.0,8.0,25.0,33.0,2.0,50.0,19.0,97.0,83.0,99.0,139.0,167.0,131.0,254.0,189.0,172.0,179.0,216.0,223.0,230.0,212.0,201.0,184.0,168.0,182.0,57.0,14.0,16.0,121.0,50.0,43.0,46.0,59.0,78.0,10.0,54.0,61.0,10.0,137.0,32.0,19.0,7.0,241.0,286.0,196.0,259.0,297.0,170.0,187.0,73.0,290.0,277.0,289.0,299.0,202.0,275.0,248.0,371.0,816.0,735.0,846.0,857.0,755.0,722.0,943.0,777.0,744.0,799.0,937.0,813.0,744.0,944.0,734.0,665.0,1824.0,1859.0,1843.0,1880.0,1806.0,1929.0,1822.0,1845.0,1835.0,1806.0,1833.0,1861.0,1826.0,1881.0,1812.0,1874.0,1363.0,1298.0,1275.0,1306.0,1276.0,1350.0,1172.0,1320.0,1272.0,1263.0,1300.0,1317.0,1304.0,1287.0,1322.0,1269.0,45.0,81.0,36.0,41.0,82.0,13.0,31.0,8.0,22.0,33.0,0.0,1.0,19.0,35.0,83.0,99.0,139.0,166.0,129.0,207.0,189.0,168.0,169.0,214.0,176.0,188.0,196.0,176.0,159.0,140.0,182.0,57.0,5.0,15.0,47.0,50.0,43.0,40.0,59.0,6.0,7.0,40.0,49.0,10.0,121.0,16.0,19.0,6.0,112.0,147.0,123.0,155.0,236.0,130.0,105.0,17.0,119.0,76.0,160.0,271.0,124.0,147.0,148.0,260.0,4304.0,4301.0,4299.0,4496.0,4387.0,4352.0,4301.0,4187.0,4175.0,4205.0,4475.0,4449.0,4297.0,4450.0,4300.0,4230.0
270110,2067.0,2059.0,1978.0,2490.0,2129.0,2089.0,2136.0,2144.0,2259.0,2003.0,2191.0,2233.0,2050.0,2104.0,1933.0,2228.0,7267.0,7137.0,7073.0,7276.0,7243.0,7160.0,7023.0,7096.0,7252.0,7268.0,7243.0,7202.0,7210.0,7182.0,7175.0,7159.0,1699.0,1715.0,1707.0,1765.0,1764.0,1752.0,1792.0,1635.0,1758.0,1851.0,1784.0,1837.0,1755.0,1877.0,1912.0,1813.0,70.0,164.0,52.0,63.0,51.0,74.0,88.0,132.0,140.0,201.0,44.0,65.0,38.0,166.0,172.0,90.0,415.0,203.0,284.0,193.0,216.0,251.0,403.0,292.0,225.0,223.0,323.0,183.0,430.0,330.0,335.0,273.0,122.0,107.0,171.0,111.0,82.0,99.0,151.0,297.0,121.0,124.0,159.0,108.0,111.0,50.0,207.0,158.0,383.0,472.0,413.0,566.0,423.0,669.0,450.0,558.0,585.0,521.0,470.0,630.0,503.0,496.0,360.0,431.0,1472.0,1428.0,1492.0,1707.0,1470.0,1420.0,1502.0,1649.0,1597.0,1392.0,1537.0,1663.0,1411.0,1378.0,1245.0,1544.0,5631.0,5565.0,5594.0,5685.0,5733.0,5590.0,5598.0,5533.0,5611.0,5617.0,5674.0,5656.0,5576.0,5538.0,5606.0,5546.0,1186.0,1286.0,1284.0,1289.0,1361.0,1313.0,1311.0,1216.0,1289.0,1224.0,1341.0,1362.0,1268.0,1286.0,1313.0,1316.0,70.0,107.0,36.0,63.0,14.0,54.0,68.0,132.0,134.0,173.0,44.0,65.0,38.0,166.0,130.0,39.0,352.0,182.0,240.0,183.0,131.0,225.0,263.0,205.0,170.0,184.0,259.0,174.0,318.0,327.0,313.0,243.0,35.0,107.0,171.0,111.0,41.0,52.0,122.0,241.0,120.0,103.0,118.0,88.0,66.0,36.0,79.0,121.0,152.0,273.0,183.0,296.0,205.0,404.0,179.0,240.0,246.0,217.0,284.0,224.0,318.0,256.0,131.0,289.0,8898.0,8948.0,9000.0,9334.0,8955.0,9058.0,9043.0,9216.0,9167.0,8910.0,9257.0,9232.0,8995.0,8987.0,8817.0,9098.0
270111,1825.0,1811.0,1715.0,1729.0,1937.0,1830.0,1786.0,1863.0,1750.0,1925.0,1716.0,1827.0,1782.0,1771.0,1704.0,1796.0,5221.0,5236.0,5298.0,5337.0,5384.0,5338.0,5376.0,5393.0,5268.0,5345.0,5232.0,5324.0,5283.0,5382.0,5385.0,5303.0,950.0,882.0,903.0,890.0,905.0,987.0,1019.0,927.0,890.0,980.0,849.0,904.0,890.0,864.0,913.0,909.0,117.0,8.0,36.0,10.0,15.0,17.0,32.0,84.0,36.0,19.0,85.0,26.0,0.0,43.0,44.0,107.0,109.0,122.0,216.0,190.0,186.0,157.0,144.0,213.0,220.0,214.0,110.0,84.0,219.0,161.0,135.0,155.0,95.0,13.0,30.0,19.0,31.0,66.0,45.0,85.0,64.0,5.0,14.0,57.0,24.0,24.0,41.0,98.0,315.0,286.0,276.0,270.0,276.0,341.0,317.0,318.0,308.0,293.0,295.0,366.0,369.0,335.0,280.0,202.0,983.0,1105.0,1018.0,1000.0,1072.0,1064.0,1026.0,993.0,1062.0,1083.0,1045.0,1036.0,988.0,1035.0,934.0,1100.0,3986.0,4007.0,4033.0,4038.0,4050.0,4080.0,4097.0,4104.0,4015.0,4033.0,3977.0,4074.0,4048.0,4061.0,4029.0,4012.0,595.0,612.0,585.0,580.0,571.0,599.0,653.0,600.0,565.0,648.0,574.0,567.0,570.0,549.0,577.0,602.0,114.0,8.0,36.0,10.0,15.0,17.0,32.0,84.0,36.0,19.0,85.0,26.0,0.0,43.0,44.0,104.0,97.0,122.0,191.0,145.0,183.0,79.0,95.0,184.0,127.0,156.0,30.0,66.0,165.0,135.0,130.0,139.0,0.0,13.0,30.0,12.0,26.0,66.0,42.0,85.0,64.0,5.0,14.0,0.0,24.0,24.0,41.0,61.0,188.0,137.0,134.0,138.0,120.0,150.0,176.0,164.0,174.0,122.0,147.0,166.0,149.0,226.0,117.0,129.0,5963.0,6004.0,6027.0,5923.0,6037.0,6055.0,6121.0,6214.0,6043.0,6066.0,5872.0,5935.0,5944.0,6073.0,5872.0,6147.0
270113,56.0,34.0,35.0,67.0,22.0,40.0,36.0,51.0,36.0,63.0,31.0,44.0,40.0,28.0,38.0,61.0,313.0,355.0,361.0,293.0,297.0,327.0,291.0,354.0,331.0,295.0,348.0,336.0,302.0,331.0,344.0,297.0,5.0,2.0,0.0,0.0,12.0,6.0,0.0,5.0,2.0,2.0,0.0,5.0,0.0,0.0,0.0,0.0,0.0,0.0,0.0,0.0,0.0,0.0,0.0,5.0,0.0,0.0,0.0,5.0,1.0,0.0,0.0,0.0,2.0,25.0,0.0,0.0,14.0,6.0,6.0,0.0,10.0,11.0,1.0,5.0,0.0,22.0,12.0,5.0,0.0,0.0,7.0,0.0,0.0,2.0,0.0,0.0,0.0,6.0,0.0,5.0,8.0,0.0,4.0,0.0,11.0,10.0,11.0,4.0,3.0,0.0,3.0,0.0,7.0,0.0,6.0,22.0,5.0,0.0,0.0,0.0,48.0,31.0,30.0,46.0,16.0,19.0,36.0,34.0,31.0,49.0,20.0,27.0,26.0,24.0,31.0,45.0,266.0,256.0,281.0,246.0,254.0,250.0,250.0,303.0,281.0,243.0,257.0,250.0,252.0,282.0,279.0,234.0,5.0,2.0,0.0,0.0,12.0,6.0,0.0,4.0,2.0,2.0,0.0,0.0,0.0,0.0,0.0,0.0,0.0,0.0,0.0,0.0,0.0,0.0,0.0,5.0,0.0,0.0,0.0,5.0,0.0,0.0,0.0,0.0,2.0,23.0,0.0,0.0,14.0,0.0,6.0,0.0,0.0,3.0,0.0,5.0,0.0,21.0,12.0,5.0,0.0,0.0,0.0,0.0,0.0,2.0,0.0,0.0,0.0,6.0,0.0,5.0,8.0,0.0,0.0,0.0,5.0,10.0,11.0,4.0,2.0,0.0,0.0,0.0,5.0,0.0,3.0,22.0,5.0,0.0,0.0,0.0,326.0,322.0,322.0,296.0,298.0,277.0,292.0,346.0,319.0,303.0,280.0,314.0,291.0,327.0,322.0,284.0
270201,1841.0,1640.0,1737.0,1832.0,1736.0,1757.0,1782.0,1628.0,1601.0,1725.0,1770.0,1773.0,1681.0,1625.0,1620.0,1729.0,3931.0,3878.0,3921.0,3915.0,3972.0,4060.0,4022.0,3833.0,3875.0,3920.0,3978.0,3956.0,3934.0,3904.0,3896.0,3922.0,1730.0,1704.0,1796.0,1784.0,1746.0,1692.0,1722.0,1795.0,1692.0,1777.0,1698.0,1609.0,1817.0,1633.0,1637.0,1802.0,0.0,31.0,42.0,51.0,0.0,126.0,10.0,17.0,34.0,52.0,0.0,35.0,98.0,62.0,27.0,59.0,128.0,218.0,192.0,215.0,231.0,328.0,167.0,131.0,231.0,152.0,213.0,349.0,164.0,171.0,307.0,182.0,5.0,65.0,34.0,39.0,71.0,128.0,113.0,153.0,55.0,54.0,219.0,125.0,2.0,39.0,96.0,65.0,379.0,401.0,306.0,391.0,337.0,346.0,422.0,413.0,386.0,375.0,386.0,401.0,365.0,285.0,270.0,425.0,1193.0,1100.0,1088.0,1229.0,1082.0,1146.0,1163.0,1098.0,1055.0,1140.0,1178.0,1073.0,1105.0,1000.0,1085.0,1049.0,3243.0,3122.0,3146.0,3118.0,3155.0,3235.0,3164.0,3106.0,3096.0,3178.0,3145.0,3164.0,3151.0,3140.0,3102.0,3117.0,1182.0,1135.0,1284.0,1214.0,1175.0,1156.0,1186.0,1290.0,1167.0,1272.0,1190.0,1108.0,1247.0,1126.0,1204.0,1255.0,0.0,31.0,42.0,51.0,0.0,126.0,10.0,17.0,0.0,52.0,0.0,35.0,31.0,59.0,27.0,57.0,123.0,207.0,164.0,213.0,144.0,328.0,159.0,131.0,214.0,143.0,208.0,243.0,163.0,171.0,277.0,120.0,2.0,31.0,34.0,39.0,69.0,96.0,102.0,120.0,51.0,54.0,60.0,44.0,0.0,39.0,71.0,42.0,214.0,175.0,95.0,197.0,155.0,188.0,229.0,212.0,159.0,175.0,230.0,181.0,203.0,132.0,146.0,231.0,5957.0,5801.0,5853.0,6061.0,5780.0,6275.0,6013.0,5974.0,5742.0,6014.0,6011.0,5848.0,5900.0,5667.0,5912.0,5871.0
270202,1660.0,1643.0,1628.0,1516.0,1627.0,1637.0,1614.0,1570.0,1573.0,1531.0,1557.0,1723.0,1645.0,1544.0,1539.0,1511.0,5727.0,5887.0,5821.0,5768.0,5723.0,5722.0,5835.0,5796.0,5834.0,5744.0,5855.0,5800.0,5797.0,5719.0,5791.0,5744.0,1361.0,1289.0,1352.0,1319.0,1232.0,1288.0,1316.0,1360.0,1302.0,1168.0,1320.0,1271.0,1290.0,1232.0,1311.0,1270.0,36.0,19.0,56.0,122.0,7.0,22.0,68.0,26.0,76.0,19.0,20.0,46.0,55.0,22.0,43.0,23.0,285.0,371.0,359.0,407.0,274.0,201.0,382.0,351.0,402.0,295.0,315.0,267.0,290.0,403.0,383.0,410.0,76.0,16.0,63.0,36.0,19.0,86.0,18.0,44.0,10.0,39.0,62.0,0.0,44.0,47.0,29.0,10.0,482.0,369.0,324.0,364.0,302.0,325.0,403.0,400.0,409.0,363.0,350.0,353.0,356.0,355.0,474.0,293.0,1005.0,944.0,970.0,878.0,973.0,928.0,1051.0,962.0,959.0,959.0,963.0,1016.0,942.0,925.0,1008.0,923.0,4388.0,4404.0,4346.0,4368.0,4354.0,4320.0,4409.0,4369.0,4412.0,4296.0,4431.0,4349.0,4331.0,4317.0,4360.0,4348.0,919.0,854.0,948.0,940.0,865.0,907.0,926.0,942.0,913.0,803.0,912.0,898.0,914.0,854.0,907.0,871.0,36.0,12.0,56.0,68.0,7.0,22.0,40.0,26.0,44.0,0.0,12.0,46.0,46.0,22.0,43.0,22.0,244.0,302.0,279.0,314.0,216.0,149.0,304.0,210.0,295.0,241.0,232.0,266.0,204.0,291.0,310.0,321.0,54.0,10.0,0.0,36.0,16.0,34.0,18.0,29.0,5.0,34.0,53.0,0.0,30.0,47.0,29.0,10.0,268.0,191.0,172.0,156.0,125.0,150.0,225.0,196.0,187.0,201.0,171.0,136.0,138.0,182.0,305.0,155.0,6914.0,6717.0,6771.0,6760.0,6556.0,6510.0,6973.0,6734.0,6815.0,6534.0,6774.0,6711.0,6605.0,6638.0,6962.0,6650.0
270203,1143.0,1071.0,1143.0,1041.0,1133.0,1117.0,1165.0,1076.0,1047.0,1201.0,1087.0,1025.0,1159.0,884.0,1053.0,1049.0,6349.0,6522.0,6366.0,6339.0,6182.0,6327.0,6384.0,6323.0,6196.0,6289.0,6430.0,6450.0,6334.0,6336.0,6295.0,6318.0,71.0,92.0,97.0,127.0,185.0,185.0,24.0,59.0,103.0,53.0,91.0,91.0,112.0,155.0,20.0,63.0,35.0,0.0,23.0,51.0,14.0,0.0,8.0,118.0,33.0,63.0,59.0,71.0,87.0,33.0,0.0,14.0,78.0,205.0,46.0,89.0,142.0,86.0,89.0,40.0,98.0,53.0,92.0,90.0,21.0,47.0,32.0,167.0,0.0,0.0,41.0,33.0,21.0,55.0,10.0,0.0,19.0,10.0,16.0,14.0,196.0,0.0,10.0,10.0,121.0,87.0,101.0,98.0,180.0,125.0,56.0,90.0,109.0,18.0,98.0,96.0,59.0,147.0,34.0,46.0,740.0,609.0,616.0,634.0,723.0,640.0,709.0,651.0,626.0,659.0,642.0,662.0,682.0,545.0,688.0,722.0,5126.0,5232.0,5104.0,5057.0,4983.0,5109.0,5135.0,5048.0,4975.0,5000.0,5169.0,5070.0,5062.0,5093.0,5107.0,5043.0,70.0,72.0,97.0,110.0,133.0,150.0,19.0,49.0,67.0,53.0,51.0,40.0,104.0,82.0,20.0,8.0,35.0,0.0,8.0,51.0,14.0,0.0,8.0,108.0,33.0,63.0,59.0,71.0,41.0,30.0,0.0,14.0,30.0,133.0,42.0,4.0,95.0,65.0,89.0,40.0,49.0,35.0,65.0,90.0,21.0,37.0,22.0,130.0,0.0,0.0,0.0,33.0,0.0,50.0,10.0,0.0,0.0,10.0,16.0,14.0,175.0,0.0,0.0,10.0,28.0,87.0,65.0,93.0,94.0,73.0,56.0,40.0,80.0,0.0,83.0,88.0,39.0,92.0,18.0,46.0,6029.0,6133.0,5932.0,5982.0,6042.0,6087.0,6026.0,5936.0,5830.0,5820.0,6085.0,6035.0,6124.0,5879.0,5855.0,5973.0
270204,1477.0,1445.0,1361.0,1346.0,1189.0,1392.0,1284.0,1596.0,1359.0,1288.0,1343.0,1275.0,1563.0,1185.0,1316.0,1198.0,2661.0,2694.0,2577.0,2511.0,2653.0,2550.0,2553.0,2650.0,2596.0,2615.0,2713.0,2500.0,2721.0,2477.0,2500.0,2690.0,1735.0,1815.0,1872.0,1664.0,1801.0,1861.0,1739.0,1705.0,1825.0,1782.0,1757.0,1899.0,1875.0,1762.0,1817.0,1885.0,22.0,18.0,1.0,0.0,0.0,27.0,56.0,12.0,48.0,17.0,65.0,0.0,36.0,19.0,5.0,17.0,228.0,203.0,183.0,189.0,245.0,165.0,252.0,123.0,142.0,146.0,238.0,82.0,174.0,229.0,105.0,197.0,54.0,26.0,118.0,46.0,16.0,47.0,107.0,48.0,126.0,169.0,47.0,64.0,71.0,15.0,107.0,33.0,311.0,320.0,271.0,227.0,131.0,165.0,271.0,208.0,135.0,188.0,215.0,227.0,191.0,216.0,306.0,279.0,999.0,914.0,905.0,899.0,940.0,975.0,836.0,1120.0,941.0,890.0,1023.0,847.0,1090.0,936.0,860.0,801.0,2170.0,2230.0,2151.0,2075.0,2172.0,2152.0,2188.0,2192.0,2182.0,2239.0,2278.0,2169.0,2229.0,2136.0,2097.0,2232.0,1308.0,1367.0,1409.0,1231.0,1348.0,1363.0,1272.0,1310.0,1328.0,1311.0,1319.0,1367.0,1322.0,1356.0,1330.0,1353.0,22.0,18.0,1.0,0.0,0.0,27.0,24.0,12.0,37.0,17.0,65.0,0.0,36.0,19.0,5.0,6.0,228.0,199.0,181.0,147.0,234.0,165.0,246.0,77.0,119.0,109.0,188.0,18.0,161.0,159.0,93.0,159.0,54.0,26.0,98.0,35.0,9.0,47.0,78.0,48.0,126.0,79.0,14.0,64.0,44.0,14.0,107.0,33.0,190.0,198.0,178.0,89.0,51.0,61.0,175.0,147.0,130.0,159.0,124.0,167.0,95.0,95.0,100.0,178.0,4971.0,4952.0,4923.0,4476.0,4754.0,4790.0,4819.0,4906.0,4863.0,4804.0,5011.0,4632.0,4977.0,4715.0,4592.0,4762.0
270205,2094.0,2120.0,1961.0,2035.0,2047.0,1921.0,2110.0,1908.0,2050.0,2168.0,1905.0,1937.0,2168.0,2087.0,2000.0,1858.0,3141.0,3192.0,3170.0,3213.0,3153.0,3080.0,3198.0,3199.0,3090.0,3194.0,3113.0,3025.0,3157.0,3148.0,3117.0,3104.0,3149.0,3329.0,3212.0,3248.0,3219.0,3191.0,3164.0,3271.0,3147.0,3176.0,3166.0,3247.0,3126.0,3194.0,3229.0,3316.0,33.0,0.0,2.0,1.0,46.0,53.0,11.0,0.0,49.0,21.0,12.0,0.0,27.0,17.0,69.0,16.0,306.0,341.0,327.0,308.0,320.0,336.0,415.0,323.0,357.0,279.0,329.0,327.0,181.0,247.0,172.0,288.0,60.0,28.0,158.0,142.0,95.0,162.0,61.0,157.0,96.0,207.0,40.0,98.0,105.0,110.0,80.0,107.0,298.0,214.0,255.0,421.0,376.0,369.0,337.0,346.0,403.0,579.0,453.0,353.0,304.0,357.0,447.0,319.0,1327.0,1427.0,1194.0,1251.0,1297.0,1303.0,1298.0,1168.0,1338.0,1432.0,1212.0,1145.0,1433.0,1317.0,1293.0,1159.0,2492.0,2487.0,2533.0,2499.0,2483.0,2428.0,2460.0,2466.0,2439.0,2514.0,2442.0,2444.0,2442.0,2479.0,2484.0,2496.0,2143.0,2276.0,2213.0,2224.0,2255.0,2197.0,2219.0,2315.0,2184.0,2248.0,2236.0,2250.0,2131.0,2192.0,2231.0,2275.0,25.0,0.0,0.0,1.0,30.0,4.0,11.0,0.0,49.0,21.0,12.0,0.0,27.0,17.0,21.0,14.0,259.0,289.0,295.0,269.0,269.0,292.0,339.0,263.0,295.0,274.0,300.0,303.0,150.0,222.0,167.0,247.0,60.0,20.0,152.0,77.0,47.0,92.0,21.0,106.0,32.0,146.0,38.0,98.0,84.0,103.0,67.0,74.0,170.0,119.0,46.0,253.0,145.0,136.0,175.0,256.0,226.0,414.0,203.0,127.0,150.0,166.0,294.0,127.0,6476.0,6618.0,6433.0,6574.0,6526.0,6452.0,6523.0,6574.0,6563.0,7049.0,6443.0,6367.0,6417.0,6496.0,6557.0,6392.0
270206,590.0,539.0,577.0,563.0,588.0,594.0,478.0,579.0,542.0,587.0,518.0,542.0,552.0,609.0,458.0,555.0,1027.0,991.0,985.0,970.0,1009.0,1021.0,1039.0,1014.0,1037.0,1042.0,1028.0,1030.0,1003.0,945.0,1022.0,976.0,1203.0,1186.0,1165.0,1179.0,1137.0,1175.0,1128.0,1157.0,1170.0,1157.0,1112.0,1135.0,1124.0,1154.0,1172.0,1155.0,0.0,0.0,4.0,0.0,0.0,1.0,0.0,0.0,0.0,3.0,0.0,6.0,0.0,0.0,6.0,1.0,120.0,171.0,153.0,136.0,166.0,103.0,132.0,144.0,112.0,159.0,130.0,147.0,148.0,121.0,152.0,147.0,6.0,19.0,8.0,7.0,29.0,12.0,1.0,26.0,18.0,10.0,13.0,10.0,16.0,34.0,7.0,28.0,128.0,123.0,175.0,137.0,150.0,145.0,136.0,127.0,136.0,136.0,145.0,147.0,134.0,137.0,140.0,100.0,309.0,313.0,342.0,344.0,362.0,318.0,280.0,321.0,309.0,376.0,320.0,346.0,329.0,336.0,255.0,303.0,739.0,722.0,707.0,713.0,735.0,744.0,737.0,724.0,750.0,778.0,729.0,735.0,727.0,673.0,703.0,720.0,778.0,753.0,738.0,764.0,754.0,732.0,726.0,730.0,749.0,739.0,719.0,732.0,711.0,722.0,759.0,737.0,0.0,0.0,4.0,0.0,0.0,0.0,0.0,0.0,0.0,3.0,0.0,0.0,0.0,0.0,6.0,1.0,105.0,116.0,116.0,101.0,133.0,87.0,109.0,96.0,95.0,117.0,90.0,114.0,110.0,116.0,121.0,93.0,6.0,19.0,0.0,0.0,29.0,12.0,1.0,18.0,18.0,10.0,13.0,10.0,7.0,6.0,7.0,24.0,56.0,49.0,75.0,48.0,72.0,67.0,59.0,65.0,32.0,61.0,84.0,47.0,44.0,61.0,48.0,37.0,1993.0,1972.0,1982.0,1970.0,2085.0,1960.0,1912.0,1954.0,1953.0,2084.0,1955.0,1984.0,1928.0,1914.0,1899.0,1915.0
270207,1387.0,1326.0,1345.0,1300.0,1327.0,1407.0,1402.0,1220.0,1278.0,1313.0,1394.0,1173.0,1385.0,1352.0,1194.0,1418.0,2469.0,2551.0,2425.0,2533.0,2440.0,2522.0,2500.0,2541.0,2468.0,2413.0,2481.0,2500.0,2550.0,2494.0,2492.0,2455.0,1668.0,1566.0,1653.0,1598.0,1645.0,1684.0,1708.0,1802.0,1640.0,1691.0,1825.0,1652.0,1690.0,1626.0,1618.0,1672.0,9.0,58.0,33.0,30.0,78.0,8.0,17.0,51.0,28.0,40.0,40.0,22.0,0.0,18.0,57.0,9.0,277.0,383.0,334.0,321.0,368.0,466.0,366.0,409.0,323.0,422.0,325.0,281.0,445.0,298.0,285.0,419.0,104.0,127.0,131.0,59.0,63.0,119.0,64.0,54.0,57.0,62.0,43.0,89.0,114.0,111.0,74.0,83.0,246.0,353.0,380.0,373.0,340.0,318.0,325.0,387.0,388.0,343.0,319.0,425.0,402.0,369.0,371.0,381.0,923.0,884.0,874.0,888.0,952.0,979.0,977.0,859.0,872.0,863.0,893.0,870.0,840.0,961.0,748.0,932.0,2089.0,2037.0,2114.0,2110.0,2018.0,2016.0,2039.0,2127.0,2146.0,2062.0,2049.0,2074.0,2126.0,2033.0,2047.0,2070.0,1161.0,1117.0,1109.0,1166.0,1119.0,1190.0,1212.0,1177.0,1173.0,1172.0,1293.0,1162.0,1178.0,1139.0,1120.0,1153.0,3.0,58.0,23.0,22.0,78.0,0.0,17.0,1.0,26.0,40.0,21.0,0.0,0.0,0.0,57.0,9.0,241.0,311.0,309.0,290.0,327.0,367.0,308.0,319.0,212.0,297.0,259.0,218.0,390.0,260.0,245.0,375.0,66.0,127.0,70.0,0.0,39.0,99.0,10.0,53.0,57.0,37.0,43.0,89.0,101.0,63.0,68.0,72.0,72.0,142.0,133.0,158.0,89.0,121.0,166.0,219.0,162.0,121.0,143.0,215.0,223.0,199.0,189.0,179.0,4555.0,4676.0,4632.0,4634.0,4622.0,4772.0,4729.0,4755.0,4648.0,4592.0,4701.0,4628.0,4858.0,4655.0,4474.0,4790.0
270208,2151.0,2042.0,2235.0,2298.0,2384.0,2217.0,2206.0,2023.0,2243.0,2086.0,2184.0,2387.0,2257.0,2167.0,2179.0,2263.0,3832.0,3547.0,3769.0,3683.0,3757.0,3730.0,3831.0,3873.0,3873.0,3739.0,3784.0,3773.0,3683.0,3785.0,3764.0,3778.0,3711.0,3607.0,3441.0,3787.0,3682.0,3674.0,3498.0,3681.0,3658.0,3711.0,3676.0,3596.0,3570.0,3721.0,3580.0,3767.0,16.0,21.0,0.0,39.0,75.0,50.0,18.0,14.0,32.0,0.0,0.0,2.0,6.0,0.0,19.0,61.0,513.0,534.0,426.0,350.0,476.0,384.0,513.0,495.0,473.0,573.0,444.0,655.0,652.0,514.0,375.0,517.0,98.0,308.0,101.0,143.0,36.0,129.0,144.0,49.0,100.0,20.0,230.0,101.0,108.0,113.0,32.0,80.0,490.0,537.0,604.0,492.0,508.0,518.0,541.0,545.0,542.0,563.0,459.0,384.0,534.0,465.0,464.0,496.0,1306.0,1262.0,1515.0,1337.0,1484.0,1355.0,1217.0,1189.0,1339.0,1234.0,1276.0,1351.0,1320.0,1299.0,1356.0,1304.0,2840.0,2565.0,2714.0,2730.0,2754.0,2810.0,2841.0,2823.0,2762.0,2760.0,2758.0,2814.0,2710.0,2791.0,2781.0,2763.0,2484.0,2493.0,2433.0,2473.0,2434.0,2451.0,2346.0,2459.0,2420.0,2493.0,2473.0,2431.0,2449.0,2499.0,2433.0,2477.0,0.0,21.0,0.0,20.0,75.0,24.0,18.0,14.0,32.0,0.0,0.0,2.0,6.0,0.0,19.0,61.0,473.0,437.0,370.0,261.0,409.0,291.0,428.0,460.0,390.0,561.0,444.0,438.0,496.0,437.0,313.0,463.0,81.0,258.0,68.0,141.0,15.0,114.0,144.0,40.0,86.0,20.0,110.0,101.0,92.0,84.0,0.0,52.0,188.0,228.0,293.0,220.0,200.0,193.0,223.0,209.0,186.0,226.0,177.0,171.0,274.0,169.0,153.0,212.0,7372.0,7264.0,7393.0,7182.0,7371.0,7238.0,7217.0,7194.0,7215.0,7294.0,7238.0,7308.0,7347.0,7279.0,7055.0,7332.0
270209,1541.0,1581.0,1540.0,1530.0,1612.0,1386.0,1548.0,1591.0,1565.0,1651.0,1509.0,1515.0,1607.0,1547.0,1527.0,1349.0,4519.0,4432.0,4486.0,4413.0,4436.0,4416.0,4477.0,4432.0,4472.0,4470.0,4474.0,4479.0,4387.0,4462.0,4499.0,4455.0,2320.0,2343.0,2257.0,2279.0,2306.0,2258.0,2379.0,2354.0,2298.0,2253.0,2341.0,2273.0,2319.0,2307.0,2304.0,2260.0,7.0,56.0,24.0,17.0,14.0,9.0,30.0,23.0,75.0,32.0,24.0,36.0,6.0,21.0,23.0,11.0,435.0,448.0,431.0,438.0,414.0,384.0,435.0,375.0,392.0,403.0,412.0,398.0,449.0,423.0,454.0,451.0,38.0,50.0,61.0,71.0,27.0,32.0,38.0,5.0,5.0,43.0,145.0,4.0,39.0,126.0,16.0,25.0,453.0,448.0,472.0,426.0,425.0,443.0,468.0,504.0,445.0,392.0,449.0,479.0,352.0,366.0,500.0,422.0,852.0,863.0,867.0,829.0,896.0,729.0,873.0,899.0,862.0,921.0,894.0,891.0,878.0,841.0,894.0,814.0,3062.0,2987.0,3004.0,2959.0,2992.0,2945.0,2996.0,2974.0,3050.0,2996.0,3036.0,2970.0,2981.0,2988.0,3045.0,3033.0,1502.0,1490.0,1472.0,1532.0,1482.0,1494.0,1532.0,1514.0,1497.0,1484.0,1543.0,1484.0,1523.0,1510.0,1453.0,1520.0,7.0,20.0,24.0,17.0,14.0,9.0,20.0,23.0,75.0,0.0,11.0,36.0,6.0,21.0,21.0,11.0,342.0,368.0,315.0,338.0,334.0,327.0,337.0,287.0,329.0,322.0,338.0,347.0,341.0,309.0,337.0,379.0,19.0,50.0,26.0,44.0,27.0,0.0,38.0,5.0,5.0,21.0,90.0,4.0,25.0,84.0,6.0,16.0,208.0,163.0,206.0,180.0,179.0,179.0,161.0,193.0,173.0,137.0,191.0,172.0,100.0,128.0,225.0,161.0,5992.0,5941.0,5914.0,5899.0,5924.0,5683.0,5957.0,5895.0,5991.0,5881.0,6103.0,5904.0,5854.0,5881.0,5981.0,5934.0
270210,1253.0,1193.0,1272.0,1204.0,1258.0,1328.0,1318.0,1470.0,1363.0,1561.0,1326.0,1275.0,1316.0,1556.0,1392.0,1537.0,3007.0,2961.0,2976.0,2964.0,2952.0,2985.0,3011.0,2951.0,2962.0,3140.0,3075.0,3054.0,2973.0,3022.0,2933.0,2903.0,1833.0,1728.0,1835.0,1835.0,1795.0,1887.0,1704.0,1827.0,1746.0,1821.0,1852.0,1650.0,1873.0,1802.0,1738.0,1790.0,8.0,74.0,66.0,42.0,84.0,41.0,18.0,33.0,10.0,17.0,14.0,54.0,0.0,0.0,7.0,27.0,154.0,157.0,207.0,207.0,174.0,215.0,230.0,205.0,218.0,198.0,195.0,254.0,176.0,251.0,177.0,213.0,52.0,25.0,45.0,18.0,37.0,45.0,23.0,20.0,24.0,47.0,25.0,52.0,66.0,59.0,23.0,86.0,257.0,314.0,295.0,260.0,307.0,382.0,235.0,372.0,332.0,347.0,285.0,405.0,321.0,223.0,397.0,311.0,735.0,681.0,795.0,767.0,759.0,845.0,840.0,799.0,845.0,916.0,779.0,786.0,849.0,955.0,840.0,912.0,2202.0,2230.0,2240.0,2193.0,2220.0,2259.0,2205.0,2201.0,2150.0,2301.0,2311.0,2219.0,2228.0,2261.0,2204.0,2199.0,1188.0,1126.0,1167.0,1190.0,1155.0,1167.0,1048.0,1102.0,1096.0,1135.0,1139.0,1069.0,1199.0,1166.0,1109.0,1139.0,8.0,51.0,27.0,28.0,84.0,26.0,18.0,11.0,10.0,17.0,14.0,6.0,0.0,0.0,7.0,23.0,117.0,147.0,175.0,197.0,146.0,188.0,184.0,180.0,157.0,167.0,139.0,249.0,133.0,221.0,149.0,162.0,45.0,25.0,0.0,12.0,36.0,45.0,23.0,6.0,19.0,15.0,22.0,52.0,49.0,34.0,19.0,75.0,79.0,132.0,102.0,96.0,149.0,184.0,24.0,148.0,135.0,116.0,166.0,201.0,123.0,105.0,113.0,126.0,4374.0,4392.0,4506.0,4483.0,4549.0,4714.0,4342.0,4447.0,4412.0,4667.0,4570.0,4582.0,4581.0,4742.0,4441.0,4636.0
270301,871.0,1019.0,872.0,757.0,891.0,892.0,797.0,953.0,975.0,912.0,966.0,831.0,912.0,961.0,919.0,831.0,4206.0,4179.0,4111.0,4222.0,4212.0,4268.0,4206.0,4280.0,4224.0,4094.0,4195.0,4273.0,4199.0,4284.0,4157.0,4153.0,135.0,149.0,133.0,57.0,97.0,135.0,91.0,121.0,132.0,179.0,66.0,201.0,92.0,131.0,110.0,56.0,3.0,0.0,8.0,8.0,0.0,0.0,29.0,30.0,14.0,22.0,8.0,27.0,11.0,13.0,12.0,16.0,146.0,55.0,66.0,33.0,62.0,32.0,42.0,53.0,36.0,56.0,56.0,33.0,68.0,19.0,103.0,9.0,10.0,55.0,0.0,10.0,47.0,3.0,67.0,17.0,3.0,1.0,18.0,0.0,0.0,0.0,12.0,51.0,39.0,110.0,64.0,39.0,87.0,60.0,74.0,99.0,26.0,94.0,88.0,53.0,27.0,31.0,32.0,50.0,521.0,678.0,545.0,467.0,557.0,566.0,467.0,557.0,544.0,527.0,622.0,512.0,609.0,525.0,564.0,431.0,3219.0,3196.0,3166.0,3253.0,3226.0,3217.0,3158.0,3225.0,3227.0,3125.0,3219.0,3217.0,3216.0,3234.0,3195.0,3165.0,120.0,90.0,63.0,23.0,77.0,109.0,54.0,84.0,77.0,96.0,58.0,97.0,64.0,114.0,82.0,47.0,3.0,0.0,8.0,8.0,0.0,0.0,28.0,17.0,14.0,0.0,8.0,27.0,11.0,13.0,0.0,5.0,56.0,33.0,44.0,33.0,52.0,32.0,39.0,25.0,30.0,42.0,56.0,28.0,26.0,19.0,80.0,9.0,10.0,53.0,0.0,2.0,47.0,0.0,0.0,17.0,0.0,1.0,5.0,0.0,0.0,0.0,4.0,12.0,28.0,50.0,43.0,32.0,30.0,31.0,58.0,77.0,17.0,67.0,7.0,36.0,27.0,20.0,0.0,17.0,3957.0,4100.0,3869.0,3818.0,3989.0,3955.0,3804.0,4002.0,3909.0,3858.0,3975.0,3917.0,3953.0,3925.0,3925.0,3686.0
270302,1524.0,1484.0,1443.0,1403.0,1503.0,1530.0,1408.0,1494.0,1292.0,1513.0,1722.0,1393.0,1411.0,1310.0,1287.0,1592.0,4160.0,4293.0,4242.0,4267.0,4411.0,4387.0,4279.0,4128.0,4298.0,4206.0,4182.0,4277.0,4249.0,4211.0,4328.0,4294.0,1090.0,1007.0,1154.0,855.0,992.0,1115.0,977.0,934.0,1035.0,1148.0,1098.0,971.0,1050.0,999.0,1107.0,1052.0,32.0,4.0,0.0,36.0,10.0,0.0,41.0,26.0,8.0,0.0,26.0,0.0,7.0,34.0,0.0,12.0,189.0,183.0,113.0,241.0,83.0,144.0,109.0,125.0,144.0,216.0,133.0,152.0,66.0,138.0,155.0,252.0,25.0,0.0,1.0,5.0,94.0,44.0,12.0,0.0,29.0,32.0,18.0,2.0,26.0,64.0,66.0,1.0,162.0,84.0,263.0,119.0,272.0,78.0,115.0,188.0,219.0,84.0,76.0,104.0,129.0,147.0,129.0,79.0,978.0,923.0,832.0,878.0,941.0,953.0,991.0,852.0,869.0,961.0,1051.0,902.0,851.0,735.0,732.0,1018.0,3469.0,3501.0,3501.0,3478.0,3573.0,3528.0,3527.0,3491.0,3460.0,3464.0,3370.0,3502.0,3443.0,3518.0,3489.0,3531.0,779.0,764.0,790.0,550.0,684.0,770.0,723.0,708.0,775.0,772.0,766.0,711.0,700.0,738.0,797.0,779.0,32.0,4.0,0.0,0.0,8.0,0.0,0.0,1.0,8.0,0.0,26.0,0.0,0.0,34.0,0.0,9.0,176.0,140.0,107.0,179.0,83.0,144.0,68.0,84.0,110.0,193.0,117.0,147.0,9.0,138.0,88.0,159.0,14.0,0.0,1.0,5.0,84.0,44.0,8.0,0.0,29.0,32.0,18.0,0.0,26.0,34.0,66.0,0.0,121.0,29.0,124.0,85.0,215.0,37.0,56.0,115.0,83.0,44.0,1.0,36.0,45.0,77.0,35.0,53.0,5569.0,5361.0,5355.0,5175.0,5588.0,5476.0,5373.0,5251.0,5334.0,5466.0,5349.0,5298.0,5074.0,5274.0,5207.0,5549.0
270303,2016.0,2253.0,2010.0,2329.0,2042.0,2372.0,2050.0,2362.0,1974.0,2298.0,1949.0,2160.0,2088.0,2283.0,2011.0,2039.0,4593.0,4417.0,4368.0,4533.0,4502.0,4552.0,4531.0,4518.0,4542.0,4364.0,4497.0,4457.0,4360.0,4530.0,4455.0,4391.0,1300.0,1451.0,1411.0,1322.0,1230.0,1309.0,1416.0,1249.0,1224.0,1207.0,1072.0,1276.0,1456.0,1335.0,1330.0,1274.0,66.0,0.0,19.0,15.0,162.0,39.0,47.0,29.0,53.0,55.0,141.0,159.0,109.0,77.0,14.0,53.0,247.0,84.0,111.0,106.0,74.0,177.0,57.0,95.0,56.0,72.0,108.0,150.0,102.0,70.0,72.0,35.0,27.0,16.0,0.0,27.0,133.0,121.0,23.0,103.0,9.0,135.0,35.0,15.0,13.0,0.0,82.0,126.0,249.0,162.0,213.0,67.0,204.0,315.0,315.0,95.0,165.0,188.0,176.0,153.0,90.0,320.0,62.0,262.0,1128.0,1308.0,1269.0,1500.0,1213.0,1460.0,1238.0,1448.0,1172.0,1447.0,1217.0,1354.0,1273.0,1360.0,1263.0,1331.0,3583.0,3539.0,3583.0,3658.0,3617.0,3632.0,3613.0,3710.0,3677.0,3558.0,3652.0,3646.0,3587.0,3677.0,3587.0,3585.0,877.0,917.0,897.0,928.0,896.0,956.0,953.0,844.0,834.0,839.0,774.0,891.0,992.0,932.0,950.0,838.0,9.0,0.0,1.0,15.0,53.0,39.0,8.0,28.0,25.0,48.0,66.0,155.0,86.0,0.0,14.0,44.0,168.0,30.0,81.0,92.0,74.0,108.0,49.0,47.0,21.0,47.0,85.0,140.0,93.0,51.0,72.0,35.0,0.0,0.0,0.0,22.0,84.0,78.0,0.0,31.0,0.0,25.0,0.0,1.0,0.0,0.0,0.0,16.0,110.0,35.0,125.0,12.0,103.0,98.0,168.0,40.0,84.0,98.0,98.0,48.0,28.0,94.0,35.0,108.0,5875.0,5829.0,5956.0,6227.0,6040.0,6371.0,6029.0,6148.0,5813.0,6062.0,5892.0,6235.0,6059.0,6114.0,5921.0,5957.0
270304,427.0,301.0,340.0,273.0,345.0,386.0,366.0,455.0,354.0,310.0,325.0,285.0,376.0,318.0,383.0,355.0,953.0,822.0,878.0,867.0,936.0,852.0,811.0,857.0,779.0,829.0,841.0,833.0,827.0,809.0,947.0,863.0,156.0,128.0,94.0,137.0,215.0,148.0,198.0,122.0,185.0,119.0,123.0,141.0,116.0,196.0,128.0,166.0,4.0,0.0,27.0,11.0,35.0,32.0,15.0,32.0,41.0,43.0,23.0,3.0,0.0,2.0,4.0,0.0,18.0,30.0,16.0,5.0,0.0,18.0,8.0,13.0,6.0,0.0,4.0,1.0,37.0,21.0,33.0,11.0,0.0,0.0,0.0,26.0,6.0,0.0,6.0,2.0,17.0,0.0,2.0,0.0,5.0,0.0,7.0,0.0,30.0,16.0,117.0,45.0,31.0,49.0,52.0,30.0,24.0,69.0,47.0,8.0,28.0,33.0,60.0,62.0,274.0,218.0,225.0,133.0,206.0,243.0,211.0,299.0,258.0,165.0,214.0,181.0,276.0,194.0,253.0,154.0,745.0,666.0,714.0,662.0,680.0,635.0,652.0,638.0,666.0,658.0,691.0,699.0,679.0,629.0,753.0,646.0,101.0,85.0,65.0,76.0,136.0,93.0,135.0,61.0,132.0,100.0,84.0,89.0,68.0,114.0,94.0,103.0,3.0,0.0,10.0,11.0,27.0,14.0,11.0,29.0,32.0,23.0,11.0,3.0,0.0,2.0,4.0,0.0,17.0,17.0,16.0,5.0,0.0,15.0,2.0,13.0,2.0,0.0,1.0,0.0,22.0,1.0,8.0,2.0,0.0,0.0,0.0,12.0,6.0,0.0,6.0,0.0,0.0,0.0,2.0,0.0,0.0,0.0,5.0,0.0,9.0,12.0,76.0,33.0,0.0,25.0,31.0,23.0,12.0,41.0,8.0,5.0,24.0,31.0,22.0,14.0,1149.0,998.0,1106.0,932.0,1055.0,1025.0,1048.0,1063.0,1102.0,987.0,1011.0,977.0,1069.0,971.0,1139.0,919.0
270305,635.0,647.0,767.0,618.0,686.0,662.0,677.0,618.0,556.0,640.0,727.0,596.0,783.0,627.0,597.0,664.0,3007.0,3004.0,3089.0,3041.0,2955.0,2978.0,3061.0,2942.0,3044.0,3011.0,2987.0,3036.0,3052.0,3096.0,3094.0,3038.0,247.0,152.0,385.0,242.0,290.0,279.0,268.0,321.0,331.0,254.0,298.0,280.0,308.0,242.0,248.0,234.0,30.0,119.0,0.0,18.0,19.0,19.0,0.0,0.0,21.0,10.0,22.0,28.0,20.0,28.0,0.0,6.0,168.0,85.0,102.0,184.0,83.0,149.0,86.0,103.0,98.0,80.0,138.0,153.0,100.0,146.0,73.0,139.0,16.0,0.0,35.0,15.0,0.0,1.0,0.0,0.0,0.0,74.0,0.0,0.0,0.0,26.0,0.0,0.0,48.0,45.0,49.0,85.0,115.0,8.0,7.0,71.0,41.0,49.0,83.0,0.0,21.0,20.0,55.0,96.0,434.0,343.0,507.0,461.0,488.0,453.0,420.0,420.0,368.0,483.0,387.0,387.0,509.0,455.0,400.0,404.0,2547.0,2568.0,2533.0,2543.0,2484.0,2507.0,2545.0,2476.0,2498.0,2551.0,2513.0,2537.0,2543.0,2594.0,2554.0,2610.0,199.0,148.0,271.0,185.0,208.0,223.0,208.0,249.0,253.0,210.0,168.0,204.0,225.0,181.0,166.0,181.0,30.0,119.0,0.0,18.0,19.0,19.0,0.0,0.0,0.0,0.0,0.0,28.0,20.0,28.0,0.0,6.0,146.0,81.0,58.0,184.0,83.0,78.0,41.0,89.0,67.0,80.0,72.0,79.0,58.0,40.0,40.0,116.0,0.0,0.0,18.0,2.0,0.0,1.0,0.0,0.0,0.0,74.0,0.0,0.0,0.0,0.0,0.0,0.0,42.0,16.0,49.0,31.0,82.0,0.0,0.0,37.0,27.0,40.0,68.0,0.0,21.0,20.0,49.0,58.0,3398.0,3275.0,3436.0,3424.0,3364.0,3281.0,3214.0,3271.0,3213.0,3438.0,3208.0,3235.0,3376.0,3318.0,3209.0,3375.0
270306,2785.0,2706.0,2712.0,2476.0,2530.0,2730.0,2711.0,2775.0,2649.0,2479.0,2802.0,2758.0,2722.0,2719.0,2771.0,2765.0,2295.0,2399.0,2272.0,2386.0,2284.0,2382.0,2466.0,2460.0,2410.0,2291.0,2344.0,2328.0,2401.0,2336.0,2366.0,2244.0,1503.0,1541.0,1606.0,1633.0,1598.0,1574.0,1574.0,1732.0,1639.0,1572.0,1583.0,1609.0,1622.0,1488.0,1669.0,1667.0,30.0,13.0,0.0,50.0,23.0,17.0,97.0,68.0,151.0,94.0,52.0,27.0,0.0,74.0,92.0,27.0,13.0,38.0,159.0,77.0,26.0,45.0,68.0,102.0,93.0,77.0,67.0,31.0,93.0,130.0,166.0,20.0,8.0,2.0,14.0,12.0,0.0,5.0,13.0,10.0,76.0,27.0,30.0,54.0,30.0,55.0,94.0,10.0,105.0,244.0,223.0,131.0,95.0,157.0,161.0,184.0,159.0,248.0,149.0,119.0,234.0,149.0,75.0,113.0,1772.0,1716.0,1767.0,1717.0,1568.0,1740.0,1657.0,1781.0,1754.0,1622.0,1723.0,1703.0,1748.0,1693.0,1802.0,1794.0,1937.0,2088.0,2009.0,2072.0,2048.0,2019.0,2124.0,2094.0,2073.0,2046.0,2058.0,1987.0,2049.0,2043.0,2029.0,1968.0,1080.0,1126.0,1187.0,1179.0,1080.0,1074.0,1157.0,1158.0,1164.0,1187.0,1132.0,1208.0,1125.0,1056.0,1178.0,1226.0,30.0,13.0,0.0,36.0,21.0,3.0,55.0,62.0,109.0,42.0,0.0,20.0,0.0,74.0,87.0,27.0,13.0,38.0,112.0,41.0,24.0,28.0,54.0,80.0,54.0,66.0,57.0,31.0,18.0,53.0,141.0,17.0,2.0,2.0,4.0,5.0,0.0,5.0,5.0,0.0,76.0,0.0,30.0,54.0,28.0,36.0,63.0,10.0,48.0,182.0,96.0,11.0,76.0,90.0,116.0,104.0,33.0,81.0,42.0,29.0,123.0,96.0,53.0,8.0,4882.0,5165.0,5175.0,5061.0,4817.0,4959.0,5168.0,5279.0,5263.0,5044.0,5042.0,5032.0,5091.0,5051.0,5353.0,5050.0
270307,2733.0,2650.0,2652.0,2561.0,3025.0,2582.0,2911.0,2957.0,2508.0,2489.0,2565.0,2552.0,2986.0,2639.0,2914.0,2660.0,1896.0,1962.0,1765.0,1876.0,1907.0,1797.0,1963.0,1895.0,1957.0,1926.0,1838.0,1760.0,1790.0,1927.0,1832.0,1905.0,2772.0,2843.0,2814.0,2701.0,2792.0,2673.0,2736.0,2766.0,2789.0,2880.0,2730.0,2870.0,2651.0,2866.0,2655.0,2900.0,2.0,13.0,106.0,55.0,54.0,56.0,24.0,70.0,33.0,147.0,85.0,26.0,19.0,37.0,12.0,76.0,61.0,56.0,48.0,21.0,40.0,46.0,29.0,135.0,95.0,37.0,26.0,9.0,68.0,34.0,0.0,58.0,39.0,0.0,33.0,79.0,120.0,30.0,23.0,12.0,28.0,3.0,17.0,0.0,6.0,0.0,0.0,0.0,156.0,307.0,183.0,118.0,136.0,105.0,154.0,109.0,126.0,190.0,219.0,192.0,235.0,66.0,100.0,51.0,1636.0,1637.0,1580.0,1594.0,1857.0,1648.0,1747.0,1788.0,1501.0,1574.0,1673.0,1600.0,1814.0,1503.0,1844.0,1656.0,1496.0,1553.0,1403.0,1471.0,1463.0,1439.0,1566.0,1542.0,1506.0,1554.0,1483.0,1384.0,1420.0,1508.0,1480.0,1513.0,1996.0,2017.0,1981.0,1953.0,1891.0,1903.0,1941.0,2019.0,1866.0,2081.0,1881.0,2045.0,1883.0,2066.0,1888.0,2070.0,2.0,3.0,102.0,30.0,5.0,11.0,12.0,64.0,26.0,144.0,66.0,26.0,19.0,18.0,12.0,76.0,60.0,28.0,48.0,8.0,40.0,22.0,26.0,135.0,79.0,29.0,6.0,1.0,6.0,4.0,0.0,58.0,35.0,0.0,24.0,45.0,106.0,0.0,21.0,0.0,11.0,0.0,17.0,0.0,0.0,0.0,0.0,0.0,62.0,144.0,66.0,74.0,38.0,70.0,42.0,41.0,50.0,128.0,71.0,100.0,78.0,29.0,18.0,35.0,5287.0,5382.0,5204.0,5175.0,5400.0,5093.0,5355.0,5589.0,5039.0,5510.0,5197.0,5156.0,5220.0,5128.0,5242.0,5408.0
270308,1026.0,864.0,918.0,865.0,798.0,919.0,904.0,908.0,827.0,903.0,767.0,874.0,887.0,887.0,808.0,893.0,1845.0,1783.0,1909.0,1800.0,1875.0,1829.0,1901.0,1887.0,1805.0,1908.0,1914.0,1798.0,1865.0,1887.0,1867.0,1886.0,1093.0,1093.0,1126.0,1097.0,1096.0,1078.0,1164.0,1131.0,1124.0,1076.0,1083.0,1147.0,1069.0,1205.0,1144.0,1133.0,12.0,3.0,18.0,6.0,24.0,84.0,80.0,5.0,12.0,13.0,6.0,16.0,0.0,24.0,24.0,0.0,109.0,135.0,100.0,135.0,100.0,147.0,150.0,165.0,109.0,89.0,107.0,107.0,102.0,113.0,169.0,123.0,4.0,0.0,25.0,5.0,2.0,0.0,0.0,10.0,2.0,0.0,17.0,2.0,1.0,13.0,40.0,37.0,124.0,191.0,104.0,85.0,125.0,131.0,136.0,136.0,125.0,73.0,145.0,63.0,136.0,109.0,87.0,125.0,590.0,550.0,571.0,554.0,523.0,518.0,537.0,503.0,542.0,542.0,437.0,555.0,508.0,544.0,506.0,558.0,1548.0,1527.0,1542.0,1548.0,1536.0,1532.0,1559.0,1538.0,1517.0,1563.0,1592.0,1525.0,1523.0,1570.0,1576.0,1555.0,693.0,724.0,749.0,651.0,748.0,704.0,785.0,721.0,743.0,733.0,698.0,736.0,684.0,787.0,742.0,712.0,12.0,3.0,18.0,0.0,24.0,55.0,63.0,5.0,8.0,6.0,6.0,15.0,0.0,24.0,13.0,0.0,91.0,99.0,64.0,135.0,77.0,91.0,127.0,144.0,84.0,78.0,86.0,98.0,91.0,105.0,158.0,106.0,2.0,0.0,1.0,5.0,2.0,0.0,0.0,1.0,0.0,0.0,17.0,2.0,1.0,0.0,19.0,15.0,48.0,82.0,47.0,25.0,79.0,39.0,61.0,55.0,36.0,1.0,72.0,49.0,33.0,26.0,47.0,37.0,2984.0,2985.0,2992.0,2918.0,2989.0,2939.0,3132.0,2967.0,2930.0,2923.0,2908.0,2980.0,2840.0,3056.0,3061.0,2983.0
270309,82.0,138.0,75.0,82.0,152.0,119.0,86.0,145.0,153.0,175.0,116.0,132.0,92.0,180.0,107.0,120.0,908.0,929.0,969.0,892.0,1021.0,954.0,960.0,885.0,943.0,963.0,888.0,921.0,1010.0,983.0,999.0,984.0,45.0,31.0,17.0,13.0,18.0,22.0,10.0,18.0,12.0,47.0,5.0,33.0,40.0,23.0,5.0,61.0,4.0,6.0,17.0,11.0,0.0,0.0,19.0,4.0,3.0,0.0,0.0,0.0,0.0,4.0,17.0,10.0,28.0,13.0,3.0,3.0,7.0,11.0,0.0,4.0,1.0,0.0,0.0,0.0,11.0,19.0,2.0,0.0,0.0,13.0,0.0,8.0,40.0,0.0,0.0,1.0,7.0,0.0,17.0,0.0,3.0,0.0,2.0,0.0,6.0,5.0,13.0,11.0,20.0,6.0,14.0,3.0,3.0,7.0,4.0,24.0,20.0,0.0,4.0,1.0,23.0,94.0,38.0,55.0,101.0,94.0,73.0,98.0,63.0,112.0,66.0,70.0,38.0,91.0,91.0,79.0,708.0,758.0,754.0,721.0,785.0,753.0,798.0,720.0,762.0,794.0,688.0,733.0,769.0,773.0,814.0,781.0,45.0,31.0,10.0,13.0,8.0,19.0,10.0,9.0,9.0,11.0,1.0,9.0,24.0,23.0,3.0,36.0,4.0,6.0,17.0,11.0,0.0,0.0,19.0,4.0,3.0,0.0,0.0,0.0,0.0,4.0,0.0,0.0,0.0,10.0,3.0,3.0,7.0,11.0,0.0,0.0,1.0,0.0,0.0,0.0,9.0,19.0,0.0,0.0,0.0,7.0,0.0,8.0,40.0,0.0,0.0,0.0,0.0,0.0,17.0,0.0,0.0,0.0,2.0,0.0,6.0,5.0,5.0,11.0,7.0,2.0,8.0,0.0,3.0,7.0,3.0,0.0,20.0,0.0,0.0,0.0,786.0,911.0,827.0,822.0,948.0,879.0,908.0,831.0,841.0,924.0,775.0,812.0,860.0,910.0,910.0,896.0
270310,74.0,91.0,91.0,47.0,81.0,125.0,129.0,50.0,84.0,96.0,90.0,44.0,64.0,82.0,82.0,69.0,658.0,650.0,601.0,632.0,579.0,592.0,615.0,588.0,586.0,620.0,617.0,662.0,551.0,552.0,583.0,566.0,0.0,17.0,6.0,4.0,19.0,0.0,7.0,10.0,0.0,24.0,9.0,11.0,23.0,9.0,22.0,2.0,20.0,2.0,3.0,6.0,0.0,0.0,1.0,8.0,0.0,11.0,0.0,0.0,4.0,5.0,5.0,0.0,18.0,12.0,0.0,0.0,18.0,0.0,0.0,2.0,4.0,0.0,4.0,0.0,9.0,6.0,12.0,0.0,0.0,30.0,0.0,0.0,6.0,0.0,0.0,0.0,0.0,0.0,2.0,0.0,0.0,0.0,1.0,0.0,0.0,15.0,1.0,7.0,16.0,2.0,4.0,2.0,0.0,1.0,0.0,0.0,10.0,0.0,0.0,18.0,58.0,60.0,49.0,35.0,72.0,79.0,80.0,37.0,36.0,51.0,58.0,33.0,45.0,46.0,61.0,25.0,495.0,492.0,471.0,502.0,466.0,451.0,470.0,446.0,448.0,446.0,488.0,503.0,449.0,435.0,431.0,447.0,0.0,7.0,5.0,0.0,14.0,0.0,7.0,10.0,0.0,19.0,9.0,5.0,18.0,9.0,17.0,1.0,20.0,2.0,3.0,6.0,0.0,0.0,1.0,8.0,0.0,0.0,0.0,0.0,4.0,5.0,0.0,0.0,0.0,8.0,0.0,0.0,18.0,0.0,0.0,2.0,4.0,0.0,4.0,0.0,0.0,6.0,7.0,0.0,0.0,16.0,0.0,0.0,6.0,0.0,0.0,0.0,0.0,0.0,2.0,0.0,0.0,0.0,1.0,0.0,0.0,15.0,1.0,7.0,5.0,2.0,0.0,0.0,0.0,1.0,0.0,0.0,5.0,0.0,0.0,10.0,573.0,600.0,529.0,550.0,581.0,532.0,558.0,503.0,488.0,517.0,561.0,541.0,521.0,501.0,517.0,483.0
270311,536.0,683.0,562.0,577.0,481.0,547.0,504.0,575.0,526.0,517.0,608.0,541.0,503.0,620.0,622.0,613.0,3304.0,3306.0,3306.0,3301.0,3300.0,3294.0,3330.0,3344.0,3297.0,3325.0,3293.0,3396.0,3366.0,3314.0,3327.0,3366.0,122.0,94.0,102.0,82.0,90.0,84.0,72.0,179.0,78.0,70.0,111.0,40.0,105.0,97.0,90.0,97.0,29.0,3.0,48.0,23.0,0.0,42.0,0.0,57.0,0.0,32.0,40.0,0.0,0.0,19.0,38.0,1.0,20.0,0.0,8.0,9.0,27.0,0.0,0.0,15.0,43.0,4.0,0.0,23.0,24.0,9.0,11.0,62.0,0.0,0.0,0.0,18.0,0.0,0.0,0.0,0.0,8.0,0.0,13.0,0.0,0.0,12.0,9.0,13.0,112.0,70.0,38.0,70.0,43.0,20.0,28.0,21.0,50.0,48.0,42.0,64.0,22.0,19.0,22.0,83.0,381.0,428.0,389.0,407.0,294.0,378.0,324.0,344.0,352.0,333.0,383.0,408.0,309.0,473.0,397.0,401.0,2638.0,2643.0,2629.0,2657.0,2630.0,2656.0,2642.0,2663.0,2662.0,2667.0,2596.0,2677.0,2706.0,2625.0,2660.0,2646.0,78.0,86.0,90.0,53.0,53.0,56.0,72.0,93.0,68.0,56.0,111.0,36.0,62.0,50.0,51.0,97.0,29.0,3.0,34.0,23.0,0.0,21.0,0.0,57.0,0.0,32.0,36.0,0.0,0.0,19.0,38.0,1.0,16.0,0.0,0.0,9.0,26.0,0.0,0.0,15.0,30.0,4.0,0.0,23.0,23.0,9.0,11.0,62.0,0.0,0.0,0.0,0.0,0.0,0.0,0.0,0.0,8.0,0.0,13.0,0.0,0.0,0.0,0.0,13.0,28.0,23.0,10.0,51.0,39.0,20.0,8.0,0.0,32.0,32.0,8.0,34.0,22.0,19.0,22.0,54.0,3170.0,3183.0,3152.0,3200.0,3042.0,3131.0,3046.0,3172.0,3152.0,3124.0,3147.0,3178.0,3122.0,3195.0,3179.0,3274.0
270312,686.0,641.0,643.0,685.0,711.0,670.0,541.0,671.0,708.0,675.0,713.0,709.0,807.0,617.0,834.0,685.0,2306.0,2358.0,2335.0,2336.0,2329.0,2327.0,2291.0,2290.0,2378.0,2402.0,2306.0,2351.0,2300.0,2376.0,2439.0,2321.0,46.0,160.0,81.0,77.0,52.0,66.0,105.0,61.0,63.0,24.0,77.0,38.0,60.0,77.0,88.0,78.0,19.0,0.0,7.0,0.0,0.0,4.0,7.0,6.0,5.0,5.0,0.0,21.0,14.0,0.0,0.0,27.0,10.0,14.0,14.0,16.0,60.0,7.0,17.0,18.0,37.0,2.0,5.0,5.0,33.0,0.0,10.0,9.0,0.0,7.0,10.0,0.0,0.0,1.0,0.0,0.0,9.0,0.0,11.0,0.0,6.0,3.0,10.0,35.0,24.0,49.0,41.0,112.0,24.0,90.0,43.0,71.0,15.0,32.0,51.0,7.0,54.0,57.0,0.0,36.0,426.0,390.0,384.0,409.0,435.0,449.0,350.0,404.0,402.0,426.0,457.0,417.0,437.0,352.0,486.0,448.0,1752.0,1745.0,1776.0,1770.0,1788.0,1772.0,1727.0,1704.0,1800.0,1842.0,1788.0,1733.0,1766.0,1750.0,1849.0,1791.0,46.0,142.0,59.0,60.0,42.0,56.0,41.0,49.0,60.0,8.0,50.0,38.0,37.0,48.0,78.0,0.0,19.0,0.0,7.0,0.0,0.0,0.0,7.0,6.0,5.0,5.0,0.0,10.0,14.0,0.0,0.0,27.0,0.0,11.0,0.0,16.0,60.0,7.0,17.0,18.0,20.0,2.0,5.0,0.0,13.0,0.0,4.0,0.0,0.0,7.0,10.0,0.0,0.0,0.0,0.0,0.0,9.0,0.0,11.0,0.0,0.0,3.0,0.0,28.0,14.0,10.0,14.0,53.0,0.0,42.0,21.0,27.0,7.0,29.0,0.0,3.0,34.0,40.0,0.0,28.0,2257.0,2305.0,2250.0,2308.0,2325.0,2326.0,2163.0,2208.0,2303.0,2312.0,2311.0,2201.0,2301.0,2193.0,2417.0,2322.0
270313,550.0,605.0,606.0,537.0,631.0,515.0,514.0,444.0,681.0,578.0,401.0,531.0,512.0,687.0,684.0,742.0,3033.0,2967.0,3089.0,3069.0,3036.0,3068.0,3056.0,2986.0,3055.0,3017.0,3058.0,2951.0,3089.0,3023.0,3136.0,3020.0,385.0,442.0,329.0,430.0,420.0,365.0,431.0,341.0,427.0,376.0,328.0,437.0,381.0,474.0,279.0,355.0,45.0,40.0,22.0,63.0,1.0,26.0,42.0,22.0,0.0,14.0,11.0,145.0,46.0,13.0,4.0,0.0,208.0,66.0,165.0,106.0,133.0,130.0,114.0,221.0,109.0,181.0,148.0,162.0,87.0,124.0,132.0,112.0,0.0,0.0,11.0,9.0,8.0,0.0,34.0,38.0,22.0,12.0,32.0,5.0,12.0,44.0,2.0,25.0,160.0,58.0,21.0,24.0,46.0,77.0,56.0,57.0,49.0,47.0,36.0,10.0,19.0,65.0,92.0,74.0,396.0,418.0,383.0,325.0,460.0,354.0,306.0,294.0,460.0,336.0,228.0,320.0,310.0,490.0,420.0,430.0,2624.0,2562.0,2613.0,2620.0,2622.0,2648.0,2604.0,2617.0,2630.0,2618.0,2620.0,2594.0,2636.0,2680.0,2707.0,2606.0,283.0,298.0,279.0,285.0,285.0,294.0,320.0,262.0,307.0,254.0,191.0,299.0,301.0,372.0,206.0,191.0,27.0,40.0,22.0,43.0,1.0,26.0,42.0,4.0,0.0,14.0,11.0,145.0,10.0,8.0,4.0,0.0,130.0,55.0,121.0,101.0,109.0,57.0,104.0,216.0,88.0,135.0,85.0,124.0,87.0,76.0,79.0,104.0,0.0,0.0,11.0,9.0,8.0,0.0,0.0,14.0,0.0,0.0,32.0,0.0,12.0,44.0,0.0,3.0,76.0,23.0,19.0,0.0,31.0,26.0,24.0,0.0,19.0,17.0,13.0,10.0,19.0,0.0,8.0,21.0,3536.0,3396.0,3448.0,3383.0,3516.0,3405.0,3400.0,3407.0,3504.0,3374.0,3180.0,3492.0,3375.0,3670.0,3424.0,3355.0
270314,1879.0,1839.0,1986.0,1780.0,1959.0,1887.0,1784.0,1920.0,1920.0,1957.0,1918.0,2008.0,1956.0,1879.0,1793.0,1844.0,3625.0,3642.0,3617.0,3527.0,3648.0,3577.0,3677.0,3575.0,3594.0,3594.0,3548.0,3585.0,3674.0,3674.0,3584.0,3665.0,642.0,619.0,654.0,675.0,675.0,474.0,694.0,523.0,652.0,680.0,667.0,670.0,676.0,774.0,636.0,702.0,17.0,8.0,35.0,33.0,0.0,6.0,30.0,46.0,35.0,0.0,25.0,36.0,52.0,0.0,8.0,23.0,150.0,94.0,167.0,178.0,153.0,129.0,133.0,166.0,183.0,182.0,145.0,127.0,149.0,161.0,180.0,198.0,18.0,0.0,8.0,2.0,0.0,51.0,0.0,0.0,59.0,20.0,26.0,9.0,19.0,17.0,2.0,15.0,109.0,86.0,107.0,112.0,116.0,145.0,98.0,201.0,101.0,244.0,44.0,209.0,74.0,163.0,145.0,87.0,1219.0,1186.0,1252.0,1229.0,1298.0,1196.0,1102.0,1183.0,1209.0,1153.0,1228.0,1263.0,1248.0,1164.0,1264.0,1195.0,3100.0,3073.0,3084.0,3053.0,3045.0,3084.0,3125.0,3008.0,3049.0,3044.0,3066.0,3099.0,3106.0,3097.0,3046.0,3098.0,426.0,453.0,442.0,472.0,429.0,312.0,461.0,381.0,470.0,491.0,423.0,447.0,442.0,432.0,391.0,420.0,4.0,8.0,35.0,33.0,0.0,0.0,30.0,46.0,35.0,0.0,25.0,0.0,25.0,0.0,8.0,18.0,150.0,86.0,130.0,164.0,135.0,129.0,106.0,156.0,118.0,95.0,145.0,127.0,141.0,136.0,132.0,156.0,18.0,0.0,0.0,2.0,0.0,51.0,0.0,0.0,59.0,20.0,26.0,0.0,19.0,9.0,2.0,9.0,107.0,84.0,78.0,73.0,76.0,75.0,79.0,87.0,54.0,155.0,41.0,90.0,30.0,53.0,84.0,51.0,5024.0,4890.0,5021.0,5026.0,4983.0,4847.0,4903.0,4861.0,4994.0,4958.0,4954.0,5026.0,5011.0,4891.0,4927.0,4947.0
270315,1193.0,1408.0,1233.0,1217.0,1436.0,1381.0,1350.0,1276.0,1536.0,1312.0,1360.0,1319.0,1262.0,1277.0,1420.0,1417.0,4589.0,4613.0,4645.0,4593.0,4569.0,4677.0,4528.0,4634.0,4554.0,4529.0,4524.0,4642.0,4653.0,4535.0,4637.0,4614.0,624.0,654.0,651.0,656.0,621.0,598.0,549.0,672.0,646.0,716.0,585.0,678.0,543.0,672.0,679.0,652.0,0.0,0.0,6.0,27.0,33.0,4.0,39.0,47.0,37.0,0.0,0.0,43.0,22.0,31.0,52.0,24.0,185.0,132.0,148.0,239.0,222.0,135.0,98.0,134.0,118.0,112.0,149.0,172.0,174.0,168.0,145.0,144.0,13.0,0.0,0.0,27.0,13.0,0.0,1.0,14.0,0.0,4.0,0.0,0.0,0.0,0.0,5.0,9.0,176.0,83.0,126.0,135.0,146.0,119.0,116.0,259.0,116.0,178.0,145.0,190.0,80.0,121.0,135.0,164.0,715.0,820.0,711.0,711.0,737.0,828.0,769.0,727.0,890.0,727.0,796.0,776.0,773.0,736.0,810.0,888.0,3210.0,3247.0,3252.0,3247.0,3302.0,3254.0,3207.0,3320.0,3227.0,3194.0,3214.0,3280.0,3322.0,3209.0,3291.0,3263.0,436.0,438.0,436.0,450.0,376.0,446.0,397.0,455.0,421.0,431.0,427.0,452.0,358.0,443.0,474.0,451.0,0.0,0.0,6.0,27.0,33.0,4.0,22.0,7.0,33.0,0.0,0.0,43.0,22.0,31.0,44.0,10.0,109.0,70.0,104.0,208.0,135.0,124.0,90.0,72.0,114.0,84.0,95.0,108.0,101.0,141.0,113.0,135.0,13.0,0.0,0.0,27.0,13.0,0.0,1.0,0.0,0.0,4.0,0.0,0.0,0.0,0.0,5.0,0.0,92.0,22.0,62.0,59.0,58.0,34.0,66.0,184.0,84.0,85.0,63.0,81.0,22.0,48.0,40.0,62.0,4575.0,4597.0,4571.0,4729.0,4654.0,4690.0,4552.0,4765.0,4769.0,4525.0,4595.0,4740.0,4598.0,4608.0,4777.0,4809.0
270317,1004.0,1030.0,1002.0,1024.0,904.0,983.0,954.0,770.0,1130.0,990.0,798.0,920.0,891.0,1074.0,1029.0,1018.0,5369.0,5266.0,5472.0,5389.0,5329.0,5353.0,5333.0,5356.0,5418.0,5382.0,5369.0,5263.0,5421.0,5371.0,5430.0,5233.0,694.0,752.0,559.0,602.0,719.0,633.0,812.0,711.0,640.0,732.0,686.0,673.0,707.0,652.0,743.0,746.0,15.0,110.0,13.0,29.0,26.0,47.0,40.0,28.0,8.0,44.0,9.0,61.0,122.0,11.0,0.0,0.0,351.0,280.0,309.0,240.0,290.0,292.0,204.0,273.0,295.0,367.0,282.0,372.0,222.0,267.0,258.0,288.0,3.0,0.0,10.0,0.0,7.0,0.0,1.0,14.0,56.0,4.0,1.0,14.0,7.0,85.0,0.0,24.0,194.0,203.0,92.0,131.0,81.0,127.0,105.0,149.0,95.0,62.0,33.0,68.0,69.0,95.0,151.0,189.0,682.0,661.0,597.0,639.0,575.0,609.0,573.0,541.0,690.0,557.0,418.0,606.0,552.0,694.0,591.0,593.0,4353.0,4317.0,4400.0,4385.0,4360.0,4332.0,4293.0,4357.0,4385.0,4371.0,4352.0,4307.0,4379.0,4360.0,4367.0,4242.0,483.0,533.0,460.0,475.0,527.0,472.0,563.0,500.0,494.0,541.0,442.0,472.0,500.0,509.0,539.0,500.0,0.0,110.0,13.0,14.0,26.0,35.0,40.0,0.0,8.0,44.0,1.0,61.0,117.0,9.0,0.0,0.0,196.0,202.0,235.0,151.0,233.0,204.0,185.0,211.0,225.0,282.0,221.0,246.0,210.0,208.0,202.0,237.0,0.0,0.0,10.0,0.0,3.0,0.0,0.0,0.0,0.0,0.0,1.0,0.0,7.0,84.0,0.0,6.0,88.0,72.0,62.0,17.0,30.0,43.0,14.0,49.0,37.0,35.0,7.0,60.0,31.0,47.0,55.0,35.0,5802.0,5895.0,5777.0,5681.0,5754.0,5695.0,5668.0,5658.0,5839.0,5830.0,5442.0,5752.0,5796.0,5911.0,5754.0,5613.0
270401,185.0,140.0,184.0,195.0,157.0,178.0,179.0,182.0,194.0,162.0,175.0,154.0,226.0,207.0,195.0,162.0,1149.0,1169.0,1163.0,1147.0,1161.0,1129.0,1234.0,1184.0,1178.0,1192.0,1158.0,1188.0,1210.0,1111.0,1113.0,1128.0,126.0,95.0,114.0,84.0,66.0,72.0,95.0,86.0,112.0,100.0,61.0,93.0,75.0,75.0,77.0,83.0,15.0,0.0,0.0,0.0,0.0,5.0,27.0,6.0,0.0,4.0,24.0,0.0,0.0,0.0,0.0,1.0,3.0,30.0,28.0,8.0,48.0,39.0,40.0,28.0,29.0,10.0,30.0,27.0,23.0,42.0,31.0,6.0,26.0,0.0,4.0,0.0,3.0,16.0,1.0,0.0,0.0,6.0,0.0,13.0,36.0,11.0,8.0,9.0,61.0,45.0,47.0,49.0,76.0,31.0,30.0,52.0,30.0,63.0,38.0,26.0,45.0,46.0,37.0,50.0,133.0,115.0,147.0,109.0,99.0,101.0,128.0,144.0,123.0,119.0,102.0,104.0,148.0,130.0,148.0,79.0,875.0,923.0,913.0,859.0,913.0,880.0,945.0,920.0,937.0,924.0,899.0,921.0,929.0,875.0,869.0,862.0,104.0,80.0,69.0,52.0,49.0,52.0,78.0,77.0,101.0,55.0,60.0,70.0,73.0,54.0,58.0,65.0,15.0,0.0,0.0,0.0,0.0,3.0,25.0,6.0,0.0,4.0,24.0,0.0,0.0,0.0,0.0,1.0,3.0,22.0,28.0,8.0,48.0,39.0,40.0,28.0,29.0,10.0,30.0,27.0,21.0,41.0,31.0,4.0,26.0,0.0,4.0,0.0,3.0,16.0,1.0,0.0,0.0,6.0,0.0,13.0,11.0,10.0,8.0,1.0,28.0,20.0,12.0,14.0,24.0,4.0,12.0,20.0,6.0,38.0,19.0,5.0,12.0,17.0,17.0,14.0,1184.0,1160.0,1173.0,1042.0,1136.0,1095.0,1229.0,1195.0,1196.0,1156.0,1134.0,1140.0,1194.0,1127.0,1131.0,1026.0
270402,435.0,578.0,496.0,602.0,516.0,637.0,430.0,512.0,544.0,525.0,465.0,587.0,473.0,585.0,519.0,557.0,2315.0,2283.0,2267.0,2346.0,2366.0,2343.0,2257.0,2291.0,2333.0,2313.0,2329.0,2317.0,2341.0,2396.0,2286.0,2320.0,286.0,246.0,391.0,211.0,262.0,277.0,241.0,260.0,218.0,257.0,251.0,228.0,308.0,206.0,303.0,181.0,25.0,0.0,0.0,25.0,64.0,20.0,17.0,29.0,0.0,8.0,49.0,13.0,0.0,0.0,13.0,25.0,75.0,112.0,89.0,46.0,49.0,43.0,92.0,98.0,56.0,33.0,100.0,87.0,42.0,92.0,58.0,102.0,100.0,0.0,3.0,2.0,7.0,13.0,4.0,0.0,26.0,0.0,0.0,11.0,30.0,5.0,12.0,29.0,118.0,131.0,103.0,95.0,137.0,156.0,135.0,101.0,36.0,96.0,101.0,117.0,90.0,100.0,137.0,117.0,319.0,369.0,357.0,356.0,338.0,485.0,275.0,399.0,326.0,363.0,369.0,423.0,392.0,398.0,330.0,399.0,1872.0,1827.0,1814.0,1902.0,1859.0,1862.0,1781.0,1798.0,1819.0,1840.0,1864.0,1805.0,1825.0,1875.0,1865.0,1841.0,222.0,190.0,264.0,197.0,196.0,190.0,184.0,201.0,174.0,205.0,204.0,163.0,241.0,157.0,203.0,124.0,25.0,0.0,0.0,18.0,64.0,9.0,17.0,29.0,0.0,8.0,49.0,13.0,0.0,0.0,13.0,25.0,75.0,83.0,85.0,46.0,49.0,43.0,74.0,98.0,56.0,33.0,91.0,87.0,30.0,82.0,58.0,91.0,85.0,0.0,3.0,2.0,7.0,13.0,4.0,0.0,7.0,0.0,0.0,11.0,1.0,5.0,12.0,13.0,85.0,52.0,57.0,87.0,100.0,75.0,78.0,47.0,3.0,57.0,42.0,72.0,62.0,43.0,54.0,47.0,2683.0,2521.0,2580.0,2608.0,2613.0,2677.0,2413.0,2572.0,2385.0,2506.0,2619.0,2574.0,2551.0,2560.0,2535.0,2540.0
270404A,2052.0,2401.0,2356.0,2454.0,2352.0,2004.0,2301.0,2249.0,2327.0,2256.0,2289.0,2057.0,2133.0,2151.0,2452.0,2241.0,3541.0,3444.0,3529.0,3512.0,3511.0,3541.0,3483.0,3525.0,3553.0,3556.0,3510.0,3467.0,3543.0,3559.0,3612.0,3587.0,2876.0,2949.0,2837.0,2807.0,2830.0,2984.0,2759.0,2860.0,2883.0,2903.0,2921.0,2907.0,2798.0,2916.0,2859.0,2916.0,51.0,95.0,75.0,7.0,28.0,25.0,36.0,15.0,33.0,28.0,32.0,25.0,100.0,31.0,16.0,56.0,378.0,328.0,483.0,457.0,438.0,374.0,432.0,398.0,289.0,276.0,338.0,415.0,388.0,352.0,432.0,390.0,108.0,113.0,63.0,242.0,204.0,149.0,168.0,176.0,181.0,80.0,68.0,299.0,99.0,131.0,89.0,149.0,347.0,497.0,421.0,414.0,539.0,434.0,473.0,516.0,521.0,386.0,607.0,481.0,531.0,481.0,451.0,515.0,1364.0,1610.0,1570.0,1515.0,1556.0,1217.0,1565.0,1393.0,1512.0,1378.0,1570.0,1361.0,1512.0,1385.0,1478.0,1550.0,2809.0,2816.0,2764.0,2849.0,2791.0,2789.0,2833.0,2767.0,2810.0,2821.0,2754.0,2804.0,2877.0,2837.0,2840.0,2848.0,2027.0,2107.0,2012.0,1990.0,1978.0,2102.0,1956.0,2028.0,2123.0,1985.0,2112.0,2089.0,1990.0,2144.0,2051.0,2098.0,47.0,78.0,64.0,7.0,28.0,25.0,31.0,15.0,22.0,21.0,32.0,23.0,89.0,14.0,8.0,41.0,326.0,292.0,338.0,275.0,326.0,300.0,329.0,305.0,263.0,222.0,292.0,360.0,330.0,343.0,395.0,282.0,96.0,93.0,42.0,162.0,161.0,127.0,132.0,146.0,148.0,76.0,55.0,218.0,53.0,89.0,89.0,127.0,158.0,180.0,160.0,210.0,288.0,220.0,234.0,188.0,228.0,200.0,299.0,213.0,276.0,213.0,149.0,185.0,6827.0,7176.0,6950.0,7008.0,7128.0,6780.0,7080.0,6842.0,7106.0,6703.0,7114.0,7068.0,7127.0,7025.0,7010.0,7131.0
270404B,0.0,0.0,0.0,0.0,0.0,0.0,0.0,0.0,0.0,0.0,0.0,0.0,0.0,0.0,0.0,0.0,0.0,0.0,0.0,0.0,0.0,0.0,0.0,0.0,0.0,0.0,0.0,0.0,0.0,0.0,0.0,0.0,0.0,0.0,0.0,0.0,0.0,0.0,0.0,0.0,0.0,0.0,0.0,0.0,0.0,0.0,0.0,0.0,0.0,0.0,0.0,0.0,0.0,0.0,0.0,0.0,0.0,0.0,0.0,0.0,0.0,0.0,0.0,0.0,0.0,0.0,0.0,0.0,0.0,0.0,0.0,0.0,0.0,0.0,0.0,0.0,0.0,0.0,0.0,0.0,0.0,0.0,0.0,0.0,0.0,0.0,0.0,0.0,0.0,0.0,0.0,0.0,0.0,0.0,0.0,0.0,0.0,0.0,0.0,0.0,0.0,0.0,0.0,0.0,0.0,0.0,0.0,0.0,0.0,0.0,0.0,0.0,0.0,0.0,0.0,0.0,0.0,0.0,0.0,0.0,0.0,0.0,0.0,0.0,0.0,0.0,0.0,0.0,0.0,0.0,0.0,0.0,0.0,0.0,0.0,0.0,0.0,0.0,0.0,0.0,0.0,0.0,0.0,0.0,0.0,0.0,0.0,0.0,0.0,0.0,0.0,0.0,0.0,0.0,0.0,0.0,0.0,0.0,0.0,0.0,0.0,0.0,0.0,0.0,0.0,0.0,0.0,0.0,0.0,0.0,0.0,0.0,0.0,0.0,0.0,0.0,0.0,0.0,0.0,0.0,0.0,0.0,0.0,0.0,0.0,0.0,0.0,0.0,0.0,0.0,0.0,0.0,0.0,0.0,0.0,0.0,0.0,0.0,0.0,0.0,0.0,0.0,0.0,0.0,0.0,0.0,0.0,0.0,0.0,0.0,0.0,0.0,0.0,0.0,0.0,0.0,0.0,0.0,0.0,0.0,0.0,0.0,0.0,0.0,0.0,0.0,0.0,0.0,0.0,0.0,0.0,0.0,0.0,0.0,0.0,0.0,0.0,0.0,0.0,0.0
270405,3076.0,3133.0,3140.0,3259.0,2941.0,3101.0,3079.0,3137.0,3288.0,3153.0,3034.0,3106.0,3097.0,3066.0,3074.0,3147.0,4785.0,4833.0,5015.0,4855.0,4870.0,4832.0,4786.0,4738.0,4883.0,4824.0,4780.0,4806.0,4811.0,4787.0,4778.0,4760.0,4698.0,4588.0,4784.0,4870.0,4729.0,4858.0,4919.0,4710.0,4804.0,4671.0,4750.0,4805.0,4771.0,4665.0,4785.0,4693.0,8.0,49.0,59.0,22.0,42.0,24.0,62.0,24.0,21.0,37.0,53.0,3.0,69.0,72.0,12.0,27.0,358.0,405.0,435.0,430.0,351.0,469.0,297.0,312.0,392.0,403.0,387.0,416.0,373.0,401.0,373.0,369.0,230.0,209.0,163.0,138.0,156.0,203.0,282.0,121.0,146.0,259.0,147.0,238.0,138.0,157.0,154.0,136.0,700.0,668.0,648.0,764.0,788.0,675.0,638.0,644.0,702.0,567.0,574.0,720.0,758.0,762.0,712.0,714.0,1672.0,1854.0,1727.0,1848.0,1615.0,1664.0,1622.0,1721.0,1679.0,1771.0,1745.0,1696.0,1772.0,1672.0,1766.0,1732.0,3162.0,3302.0,3354.0,3223.0,3224.0,3242.0,3172.0,3166.0,3251.0,3209.0,3199.0,3213.0,3191.0,3150.0,3191.0,3210.0,2816.0,2790.0,2903.0,2988.0,2855.0,2944.0,2906.0,2813.0,2917.0,2798.0,2872.0,2907.0,2839.0,2815.0,2917.0,2832.0,8.0,49.0,24.0,10.0,5.0,22.0,18.0,24.0,17.0,5.0,53.0,3.0,69.0,63.0,12.0,23.0,301.0,344.0,360.0,350.0,277.0,349.0,246.0,274.0,301.0,318.0,289.0,340.0,321.0,340.0,266.0,279.0,146.0,136.0,94.0,110.0,62.0,121.0,143.0,64.0,111.0,184.0,98.0,143.0,73.0,100.0,100.0,83.0,218.0,254.0,226.0,255.0,303.0,211.0,270.0,233.0,274.0,226.0,263.0,287.0,308.0,281.0,290.0,293.0,8323.0,8729.0,8688.0,8784.0,8341.0,8553.0,8377.0,8295.0,8550.0,8511.0,8519.0,8589.0,8573.0,8421.0,8542.0,8452.0
270406,1810.0,1765.0,1748.0,1846.0,1947.0,1956.0,1792.0,1902.0,1891.0,1909.0,1803.0,2013.0,1783.0,1755.0,1738.0,1628.0,3063.0,2879.0,2896.0,2769.0,2860.0,2728.0,2800.0,2815.0,2855.0,2837.0,2819.0,2780.0,2819.0,2808.0,2902.0,2896.0,1955.0,1918.0,1888.0,2030.0,1958.0,1901.0,1992.0,1900.0,1848.0,1949.0,1956.0,1862.0,1832.0,1992.0,1831.0,1774.0,46.0,24.0,48.0,34.0,52.0,108.0,37.0,28.0,75.0,71.0,70.0,2.0,78.0,77.0,50.0,59.0,242.0,189.0,275.0,198.0,268.0,335.0,255.0,219.0,168.0,217.0,232.0,170.0,266.0,213.0,234.0,268.0,75.0,126.0,57.0,125.0,50.0,42.0,76.0,95.0,65.0,51.0,56.0,41.0,50.0,38.0,107.0,100.0,351.0,277.0,259.0,230.0,378.0,373.0,171.0,234.0,297.0,330.0,224.0,335.0,306.0,332.0,376.0,239.0,1267.0,1217.0,1270.0,1246.0,1277.0,1405.0,1301.0,1335.0,1296.0,1282.0,1245.0,1396.0,1265.0,1298.0,1151.0,1074.0,2514.0,2439.0,2434.0,2408.0,2451.0,2391.0,2377.0,2433.0,2434.0,2404.0,2378.0,2418.0,2387.0,2432.0,2412.0,2462.0,1363.0,1334.0,1347.0,1497.0,1425.0,1371.0,1420.0,1378.0,1383.0,1400.0,1385.0,1444.0,1309.0,1427.0,1332.0,1367.0,46.0,24.0,36.0,34.0,52.0,77.0,14.0,28.0,41.0,71.0,70.0,2.0,68.0,62.0,26.0,10.0,191.0,187.0,238.0,198.0,248.0,322.0,253.0,217.0,163.0,212.0,222.0,170.0,258.0,199.0,229.0,247.0,69.0,96.0,48.0,93.0,5.0,24.0,69.0,58.0,46.0,39.0,49.0,30.0,42.0,38.0,74.0,87.0,175.0,163.0,154.0,177.0,248.0,260.0,48.0,194.0,172.0,165.0,106.0,273.0,158.0,185.0,210.0,203.0,5625.0,5460.0,5527.0,5653.0,5706.0,5850.0,5482.0,5643.0,5535.0,5573.0,5455.0,5733.0,5487.0,5641.0,5434.0,5450.0
270408,2397.0,2289.0,2559.0,2332.0,2386.0,2304.0,2335.0,2247.0,2272.0,2278.0,2360.0,2283.0,2419.0,2339.0,2418.0,2290.0,3638.0,3708.0,3706.0,3607.0,3697.0,3680.0,3616.0,3703.0,3691.0,3860.0,3877.0,3649.0,3694.0,3686.0,3673.0,3831.0,3670.0,3654.0,3693.0,3633.0,3704.0,3714.0,3737.0,3648.0,3624.0,3640.0,3702.0,3762.0,3723.0,3647.0,3608.0,3635.0,97.0,86.0,80.0,68.0,34.0,33.0,30.0,12.0,7.0,62.0,2.0,0.0,65.0,56.0,40.0,6.0,537.0,532.0,593.0,596.0,575.0,552.0,590.0,525.0,515.0,574.0,493.0,637.0,627.0,593.0,540.0,477.0,43.0,68.0,27.0,154.0,61.0,47.0,94.0,125.0,101.0,97.0,78.0,64.0,63.0,22.0,116.0,59.0,460.0,550.0,474.0,454.0,535.0,557.0,485.0,429.0,448.0,469.0,534.0,467.0,495.0,526.0,464.0,399.0,1461.0,1416.0,1557.0,1371.0,1419.0,1380.0,1507.0,1380.0,1423.0,1304.0,1458.0,1435.0,1505.0,1464.0,1440.0,1477.0,2838.0,2891.0,2890.0,2871.0,2852.0,2863.0,2864.0,2854.0,2814.0,3002.0,2917.0,2831.0,2932.0,2895.0,2860.0,2975.0,2464.0,2449.0,2410.0,2437.0,2456.0,2485.0,2440.0,2456.0,2488.0,2423.0,2469.0,2493.0,2473.0,2443.0,2382.0,2479.0,95.0,81.0,80.0,24.0,34.0,33.0,30.0,12.0,7.0,62.0,0.0,0.0,42.0,46.0,40.0,6.0,450.0,474.0,461.0,492.0,472.0,474.0,442.0,454.0,452.0,442.0,394.0,543.0,539.0,494.0,460.0,453.0,29.0,45.0,18.0,139.0,45.0,25.0,81.0,125.0,36.0,92.0,78.0,44.0,45.0,22.0,116.0,34.0,202.0,286.0,242.0,258.0,263.0,305.0,240.0,195.0,225.0,236.0,221.0,231.0,266.0,252.0,224.0,198.0,7539.0,7642.0,7658.0,7592.0,7541.0,7565.0,7604.0,7476.0,7445.0,7561.0,7537.0,7577.0,7802.0,7616.0,7522.0,7622.0
270409,246.0,315.0,264.0,306.0,249.0,305.0,289.0,295.0,323.0,271.0,345.0,249.0,228.0,327.0,275.0,307.0,864.0,816.0,826.0,866.0,788.0,812.0,849.0,825.0,886.0,765.0,803.0,882.0,846.0,881.0,840.0,797.0,252.0,250.0,285.0,315.0,299.0,262.0,274.0,268.0,243.0,276.0,273.0,286.0,265.0,264.0,281.0,221.0,2.0,0.0,8.0,4.0,32.0,0.0,13.0,0.0,0.0,17.0,14.0,4.0,0.0,0.0,26.0,2.0,21.0,49.0,30.0,29.0,56.0,50.0,58.0,34.0,47.0,42.0,43.0,39.0,61.0,49.0,38.0,43.0,31.0,4.0,0.0,5.0,12.0,18.0,0.0,11.0,17.0,1.0,9.0,7.0,11.0,34.0,25.0,18.0,53.0,60.0,35.0,32.0,57.0,74.0,76.0,66.0,55.0,46.0,66.0,51.0,101.0,79.0,66.0,50.0,143.0,219.0,207.0,203.0,178.0,201.0,194.0,180.0,185.0,159.0,202.0,183.0,121.0,195.0,194.0,194.0,655.0,620.0,653.0,661.0,595.0,607.0,637.0,633.0,712.0,602.0,626.0,694.0,632.0,657.0,664.0,611.0,185.0,148.0,182.0,197.0,189.0,185.0,190.0,189.0,164.0,199.0,179.0,175.0,179.0,164.0,175.0,147.0,2.0,0.0,5.0,4.0,32.0,0.0,13.0,0.0,0.0,17.0,14.0,4.0,0.0,0.0,26.0,2.0,13.0,45.0,30.0,29.0,56.0,50.0,48.0,30.0,42.0,42.0,23.0,37.0,55.0,49.0,35.0,42.0,31.0,4.0,0.0,4.0,12.0,18.0,0.0,2.0,5.0,1.0,9.0,7.0,3.0,16.0,11.0,18.0,36.0,31.0,16.0,1.0,35.0,38.0,46.0,38.0,12.0,9.0,36.0,24.0,65.0,19.0,23.0,33.0,1065.0,1067.0,1093.0,1099.0,1097.0,1099.0,1128.0,1072.0,1120.0,1029.0,1089.0,1124.0,1055.0,1100.0,1128.0,1047.0
270410,2725.0,2788.0,2890.0,2719.0,2698.0,2813.0,2676.0,2671.0,2853.0,2648.0,2875.0,2790.0,2757.0,2910.0,2900.0,2422.0,2849.0,2631.0,2581.0,2600.0,2686.0,2704.0,2615.0,2607.0,2499.0,2559.0,2500.0,2850.0,2452.0,2578.0,2599.0,2663.0,2318.0,2388.0,2276.0,2427.0,2389.0,2397.0,2278.0,2368.0,2280.0,2350.0,2327.0,2294.0,2325.0,2283.0,2288.0,2383.0,138.0,9.0,19.0,101.0,33.0,42.0,15.0,26.0,63.0,37.0,81.0,5.0,22.0,51.0,158.0,117.0,175.0,172.0,261.0,263.0,254.0,284.0,169.0,260.0,305.0,400.0,203.0,242.0,145.0,234.0,300.0,290.0,69.0,242.0,44.0,51.0,56.0,75.0,177.0,101.0,44.0,53.0,152.0,116.0,50.0,184.0,119.0,133.0,348.0,387.0,426.0,350.0,297.0,123.0,351.0,251.0,381.0,349.0,461.0,327.0,365.0,276.0,283.0,328.0,1791.0,1817.0,1762.0,1769.0,1878.0,1751.0,1723.0,1791.0,1776.0,1756.0,1910.0,1733.0,1792.0,1951.0,1928.0,1586.0,2204.0,2207.0,2140.0,2187.0,2226.0,2216.0,2150.0,2110.0,2126.0,2170.0,2097.0,2248.0,2150.0,2145.0,2167.0,2172.0,1688.0,1702.0,1668.0,1758.0,1786.0,1732.0,1749.0,1708.0,1627.0,1721.0,1697.0,1689.0,1745.0,1694.0,1679.0,1785.0,126.0,9.0,19.0,86.0,33.0,42.0,15.0,26.0,63.0,20.0,81.0,5.0,22.0,27.0,121.0,45.0,175.0,161.0,146.0,263.0,254.0,284.0,147.0,200.0,260.0,332.0,192.0,234.0,143.0,210.0,261.0,184.0,24.0,81.0,32.0,43.0,56.0,20.0,165.0,24.0,40.0,49.0,108.0,71.0,40.0,122.0,56.0,124.0,171.0,234.0,178.0,177.0,185.0,77.0,128.0,120.0,210.0,221.0,276.0,130.0,194.0,127.0,187.0,169.0,6179.0,6211.0,5945.0,6283.0,6418.0,6122.0,6077.0,5979.0,6102.0,6269.0,6361.0,6110.0,6086.0,6276.0,6399.0,6065.0
270412,2348.0,2370.0,2431.0,2509.0,2355.0,2498.0,2439.0,2508.0,2426.0,2482.0,2388.0,2414.0,2367.0,2448.0,2333.0,2513.0,3328.0,3330.0,3410.0,3349.0,3317.0,3326.0,3276.0,3302.0,3335.0,3327.0,3255.0,3266.0,3296.0,3283.0,3277.0,3415.0,4303.0,4339.0,4321.0,4419.0,4342.0,4356.0,4312.0,4375.0,4388.0,4365.0,4357.0,4317.0,4292.0,4291.0,4330.0,4357.0,73.0,14.0,93.0,44.0,28.0,62.0,28.0,8.0,45.0,34.0,42.0,22.0,40.0,48.0,50.0,21.0,409.0,337.0,363.0,320.0,352.0,400.0,393.0,367.0,343.0,417.0,421.0,412.0,296.0,324.0,455.0,442.0,181.0,163.0,123.0,126.0,152.0,166.0,154.0,142.0,144.0,202.0,127.0,135.0,125.0,79.0,101.0,158.0,589.0,549.0,629.0,601.0,552.0,541.0,582.0,574.0,618.0,497.0,617.0,611.0,575.0,533.0,598.0,637.0,1476.0,1422.0,1485.0,1438.0,1447.0,1488.0,1481.0,1491.0,1514.0,1547.0,1459.0,1505.0,1452.0,1470.0,1472.0,1547.0,2476.0,2489.0,2494.0,2448.0,2471.0,2463.0,2472.0,2459.0,2482.0,2443.0,2403.0,2408.0,2424.0,2462.0,2469.0,2512.0,2763.0,2762.0,2758.0,2819.0,2793.0,2802.0,2773.0,2822.0,2840.0,2845.0,2817.0,2778.0,2754.0,2777.0,2779.0,2801.0,64.0,14.0,3.0,38.0,28.0,62.0,8.0,8.0,27.0,34.0,42.0,21.0,26.0,47.0,21.0,21.0,362.0,293.0,286.0,243.0,287.0,278.0,340.0,326.0,321.0,322.0,360.0,353.0,253.0,312.0,331.0,327.0,145.0,133.0,91.0,93.0,115.0,79.0,93.0,104.0,138.0,130.0,109.0,87.0,100.0,57.0,101.0,114.0,291.0,250.0,323.0,274.0,211.0,251.0,314.0,263.0,315.0,222.0,337.0,307.0,246.0,211.0,278.0,304.0,7577.0,7363.0,7440.0,7353.0,7352.0,7423.0,7481.0,7473.0,7637.0,7543.0,7527.0,7459.0,7255.0,7336.0,7451.0,7626.0
270413,1874.0,1961.0,1953.0,1818.0,1923.0,2035.0,2050.0,2038.0,2130.0,1992.0,1924.0,1969.0,2019.0,1988.0,2074.0,1932.0,2900.0,2934.0,2912.0,2937.0,2971.0,2915.0,2907.0,2882.0,2863.0,2905.0,2893.0,2957.0,2809.0,2970.0,2924.0,2834.0,2934.0,3014.0,2921.0,2986.0,2953.0,2879.0,2956.0,2962.0,2875.0,2950.0,2997.0,2952.0,2917.0,2946.0,2887.0,2900.0,28.0,76.0,15.0,24.0,23.0,28.0,83.0,15.0,77.0,0.0,0.0,82.0,42.0,5.0,26.0,49.0,299.0,356.0,234.0,194.0,318.0,254.0,275.0,329.0,440.0,272.0,324.0,265.0,228.0,344.0,291.0,299.0,79.0,57.0,94.0,11.0,48.0,55.0,66.0,60.0,49.0,128.0,59.0,165.0,81.0,96.0,37.0,70.0,408.0,384.0,426.0,377.0,399.0,352.0,379.0,423.0,338.0,464.0,460.0,418.0,482.0,464.0,581.0,432.0,1046.0,1051.0,1119.0,990.0,1056.0,1121.0,1190.0,1123.0,1256.0,1131.0,1008.0,1031.0,1116.0,1162.0,1148.0,1093.0,2133.0,2128.0,2146.0,2125.0,2176.0,2116.0,2130.0,2132.0,2096.0,2105.0,2113.0,2128.0,2026.0,2165.0,2097.0,2014.0,1796.0,1885.0,1765.0,1796.0,1831.0,1810.0,1808.0,1815.0,1780.0,1800.0,1866.0,1815.0,1806.0,1795.0,1748.0,1749.0,28.0,34.0,15.0,24.0,23.0,28.0,66.0,15.0,46.0,0.0,0.0,14.0,42.0,0.0,26.0,23.0,243.0,288.0,234.0,161.0,254.0,195.0,214.0,209.0,385.0,216.0,282.0,222.0,216.0,224.0,239.0,214.0,79.0,46.0,81.0,1.0,18.0,55.0,42.0,60.0,45.0,81.0,19.0,115.0,51.0,63.0,37.0,59.0,148.0,164.0,164.0,145.0,145.0,92.0,110.0,179.0,138.0,186.0,147.0,145.0,163.0,207.0,317.0,149.0,5473.0,5596.0,5524.0,5242.0,5503.0,5417.0,5560.0,5533.0,5746.0,5519.0,5435.0,5470.0,5420.0,5616.0,5612.0,5301.0
