variance,split,multi_attr,eps,ratio
7549.3111572265625,equal,True,1,3.0134538156964537
6188.165954589844,equal,True,1,2.470126335986447
9873.158935546875,equal,True,1,3.941062680774647
5610.701171875,equal,True,1,2.2396200796326338
9087.427124023438,equal,True,1,3.6274226047151443
19247.969299316406,equal,True,1,7.683199873661334
10149.131103515625,equal,True,1,4.0512223185576755
8101.761901855469,equal,True,1,3.2339752341033123
12239.114624023438,equal,True,1,4.88547973402904
4882.6453857421875,equal,True,1,1.9490025065760985
7990.069885253906,equal,True,1,3.189391201653064
6797.371276855469,equal,True,1,2.713302443672326
8666.992370605469,equal,True,1,3.4595979269992205
7210.176330566406,equal,True,1,2.8780815789253773
10076.1435546875,equal,True,1,4.022087924315109
7411.692443847656,equal,True,1,2.9585206398998882
11440.713317871094,equal,True,1,4.566782383717983
12340.280822753906,equal,True,1,4.925862182339177
8350.592590332031,equal,True,1,3.333300824483077
4640.650451660156,equal,True,1,1.8524055400050963
12665.223327636719,equal,True,1,5.055569278897747
10078.627685546875,equal,True,1,4.0230795132774615
5246.7874755859375,equal,True,1,2.094356876960596
7732.859130859375,equal,True,1,3.086720545599047
10760.002319335938,equal,True,1,4.2950633999324594
10848.233215332031,equal,True,1,4.330282471535733
7202.98291015625,equal,True,1,2.8752101857967283
7897.778381347656,equal,True,1,3.152551259728505
8350.099182128906,equal,True,1,3.333103871039056
10551.651428222656,equal,True,1,4.21189610496303
8494.827697753906,equal,True,1,3.39087506215399
9774.272033691406,equal,True,1,3.9015900579733582
9237.076293945312,equal,True,1,3.687157970329953
6622.586181640625,equal,True,1,2.6435335864703218
9555.7158203125,equal,True,1,3.814349110894315
6230.954528808594,equal,True,1,2.4872062244110054
9129.779968261719,equal,True,1,3.644328563075766
7953.63916015625,equal,True,1,3.174849171888
9492.540222167969,equal,True,1,3.789131346872851
7933.805236816406,equal,True,1,3.16693207710625
8509.091735839844,equal,True,1,3.3965688293205694
14991.557250976562,equal,True,1,5.984170536929343
5619.2342529296875,equal,True,1,2.2430262242633634
12073.601318359375,equal,True,1,4.819411891266399
10165.986083984375,equal,True,1,4.057950310575652
9556.850463867188,equal,True,1,3.8148020258527953
9394.608093261719,equal,True,1,3.7500398401928914
9253.271240234375,equal,True,1,3.693622496916999
10670.348205566406,equal,True,1,4.2592762233801915
17111.12078857422,equal,True,1,6.830235389332544
11738.370971679688,equal,True,1,4.685598203328508
7723.916748046875,equal,True,1,3.083151020241498
8334.331298828125,equal,True,1,3.326809814918093
10452.779357910156,equal,True,1,4.172429402459477
14854.843322753906,equal,True,1,5.929598523658034
6986.352783203125,equal,True,1,2.7887380734323033
9060.667907714844,equal,True,1,3.6167411450679303
7964.643249511719,equal,True,1,3.179241667357571
12413.273071289062,equal,True,1,4.9549984525608615
12021.462036132812,equal,True,1,4.798599486571315
13015.121337890625,equal,True,1,5.195237848936075
8662.387023925781,equal,True,1,3.4577596136438062
7345.726013183594,equal,True,1,2.9321888610061
5629.434143066406,equal,True,1,2.247097708033476
5535.9644775390625,equal,True,1,2.2097874800710717
7101.697021484375,equal,True,1,2.834779960927497
5868.219665527344,equal,True,1,2.34241357577383
8477.660583496094,equal,True,1,3.384022475886542
7928.911926269531,equal,True,1,3.1649788173939712
9508.896362304688,equal,True,1,3.795660217107307
12856.422302246094,equal,True,1,5.131890054077656
13258.096069335938,equal,True,1,5.292225920608125
10211.009887695312,equal,True,1,4.0759224341594065
5534.39794921875,equal,True,1,2.2091621699406603
9419.919006347656,equal,True,1,3.7601431815480253
10540.555053710938,equal,True,1,4.207466772085324
10124.322692871094,equal,True,1,4.041319560787973
9073.04638671875,equal,True,1,3.6216822547943632
9003.096130371094,equal,True,1,3.5937602546926706
9271.008239746094,equal,True,1,3.7007025639250237
6798.563415527344,equal,True,1,2.7137783089207947
7464.550476074219,equal,True,1,2.9796199475831946
16051.086730957031,equal,True,1,6.4071022571610206
13353.333923339844,equal,True,1,5.330241955259457
7788.4356689453125,equal,True,1,3.1089049975669525
9370.68017578125,equal,True,1,3.740488548329108
7160.886535644531,equal,True,1,2.858406602296544
7312.715148925781,equal,True,1,2.919011934954785
12633.132019042969,equal,True,1,5.042759411306059
12675.820556640625,equal,True,1,5.0597993681751054
12243.799926757812,equal,True,1,4.8873499633928255
8827.902221679688,equal,True,1,3.523828211670768
11986.484558105469,equal,True,1,4.78463754853091
12926.470703125,equal,True,1,5.159851230470539
14372.254150390625,equal,True,1,5.736963705383278
5865.8238525390625,equal,True,1,2.341457240600876
5403.4935302734375,equal,True,1,2.1569091348561718
5930.6168212890625,equal,True,1,2.3673206094359363
10218.224426269531,equal,True,1,4.078802257012404
8479.811401367188,equal,True,1,3.3848810165117102
11571.351867675781,equal,True,1,4.618929291983798
10396.344665527344,equal,True,1,4.149902401577304
5659.59326171875,equal,True,1,2.2591363045740294
7937.240539550781,equal,True,1,3.168303344751387
10966.814086914062,equal,True,1,4.37761632392244
9641.4462890625,equal,True,1,3.848570088516735
7356.595397949219,equal,True,1,2.936527586528745
9158.862365722656,equal,True,1,3.6559373654913836
8645.994567871094,equal,True,1,3.4512162472070753
10266.038940429688,equal,True,1,4.097888346741752
11060.215209960938,equal,True,1,4.41489919182576
6176.8316650390625,equal,True,1,2.465602034711315
8128.715087890625,equal,True,1,3.2447341205250315
11541.681823730469,equal,True,1,4.607085919088338
13392.543579101562,equal,True,1,5.345893249040638
6646.393981933594,equal,True,1,2.653036931231454
12627.246826171875,equal,True,1,5.040410222546428
8429.739929199219,equal,True,1,3.3648940182651663
6069.018371582031,equal,True,1,2.4225662697541517
5952.690673828125,equal,True,1,2.376131815356
10913.63232421875,equal,True,1,4.35638779295028
9603.267761230469,equal,True,1,3.833330389426709
8019.79345703125,equal,True,1,3.2012559412197756
5574.6357421875,equal,True,1,2.225223864608102
10651.673034667969,equal,True,1,4.251821667086163
10655.460510253906,equal,True,1,4.2533335113483215
7713.3511962890625,equal,True,1,3.0789335755506615
13591.40771484375,equal,True,1,5.4252737217985825
8258.107238769531,equal,True,1,3.296383504510743
5511.7899169921875,equal,True,1,2.2001377358486427
14231.051879882812,equal,True,1,5.680600083327581
14754.909362792969,equal,True,1,5.889707947327282
9514.219177246094,equal,True,1,3.7977849218202757
13059.416320800781,equal,True,1,5.212919049576354
9135.678527832031,equal,True,1,3.646683087412368
12688.127746582031,equal,True,1,5.0647120214910215
7295.828430175781,equal,True,1,2.9122712739869208
9641.346557617188,equal,True,1,3.8485302787780498
5822.702331542969,equal,True,1,2.324244450019324
8706.578674316406,equal,True,1,3.475399567106855
8254.632568359375,equal,True,1,3.294996522495073
8747.912231445312,equal,True,1,3.4918986572691644
8224.44921875,equal,True,1,3.2829482536985477
10394.418334960938,equal,True,1,4.149133469409224
8003.6717529296875,equal,True,1,3.194820650670932
7973.103332519531,equal,True,1,3.1826186734035593
5625.39501953125,equal,True,1,2.245485413616729
10132.062438964844,equal,True,1,4.044409030398244
8225.262390136719,equal,True,1,3.283272846812686
7807.887268066406,equal,True,1,3.1166694802292874
10198.674682617188,equal,True,1,4.070998598058878
13007.539306640625,equal,True,1,5.1922113342613985
9470.30859375,equal,True,1,3.780257161653827
6866.66064453125,equal,True,1,2.740960637255976
10258.378784179688,equal,True,1,4.09483064695966
6806.396728515625,equal,True,1,2.716905127569869
6729.3446044921875,equal,True,1,2.6861482793872797
11103.861755371094,equal,True,1,4.4323215560744895
8527.034912109375,equal,True,1,3.403731195776133
12211.304016113281,equal,True,1,4.8743785910534365
8852.68359375,equal,True,1,3.5337201764697013
9514.2412109375,equal,True,1,3.7977937169951015
9464.674255371094,equal,True,1,3.778008106325039
4503.489685058594,equal,True,1,1.7976551625373889
12204.319519042969,equal,True,1,4.8715905937237585
5701.639343261719,equal,True,1,2.2759198126613143
6767.052795410156,equal,True,1,2.7012002343853183
8675.408020019531,equal,True,1,3.4629571965153665
7957.5167236328125,equal,True,1,3.1763969764771467
12977.435241699219,equal,True,1,5.180194713476228
15690.701354980469,equal,True,1,6.263247451902636
11388.745422363281,equal,True,1,4.546038391352292
7162.040710449219,equal,True,1,2.8588673135318783
16052.109008789062,equal,True,1,6.407510319164225
14801.560180664062,equal,True,1,5.908329525136329
9812.012023925781,equal,True,1,3.9166547062846493
7832.1710205078125,equal,True,1,3.1263628105120027
7136.21142578125,equal,True,1,2.8485570541163696
8372.999633789062,equal,True,1,3.342245030013595
8892.622863769531,equal,True,1,3.5496627099181044
10971.7548828125,equal,True,1,4.379588538332819
12062.684814453125,equal,True,1,4.815054357225844
4499.188171386719,equal,True,1,1.7959381300137827
11181.813720703125,equal,True,1,4.463437593349757
11275.423583984375,equal,True,1,4.500803783961953
6756.541320800781,equal,True,1,2.6970043756360207
11357.043029785156,equal,True,1,4.533383767123456
12662.867919921875,equal,True,1,5.054629072272534
11835.496704101562,equal,True,1,4.7243678212278635
6269.182434082031,equal,True,1,2.5024656334634523
10330.947082519531,equal,True,1,4.123797689246885
4210.3094482421875,equal,True,1,1.6806265906688846
14568.33837890625,equal,True,1,5.815234524311264
12985.613159179688,equal,True,1,5.183459087685042
9362.474609375,equal,True,1,3.7372131375158717
10480.028747558594,equal,True,1,4.183306524292358
7330.8753662109375,equal,True,1,2.9262609375368878
4453.2115478515625,equal,True,1,1.7775856699363846
4685.120422363281,equal,True,1,1.870156590413313
7841.07373046875,equal,True,1,3.129916499682192
14232.455322265625,equal,True,1,5.681160294546263
8096.757873535156,equal,True,1,3.231977779246618
2505.2022094726562,equal,True,1,1.0
37131.93487548828,top_heavy,True,1,1.5333227378230616
55509.499267578125,top_heavy,True,1,2.2922042085217593
54678.13739013672,top_heavy,True,1,2.257874026851596
45560.349060058594,top_heavy,True,1,1.8813649057393689
43412.66033935547,top_heavy,True,1,1.7926784432573375
72546.21417236328,top_heavy,True,1,2.9957167625783065
52868.2353515625,top_heavy,True,1,2.1831360968653484
47176.24835205078,top_heavy,True,1,1.948091703972536
41163.607482910156,top_heavy,True,1,1.6998062593833438
53640.43487548828,top_heavy,True,1,2.2150232336962694
45670.63653564453,top_heavy,True,1,1.8859191067143537
49062.529235839844,top_heavy,True,1,2.0259836150386628
51806.19952392578,top_heavy,True,1,2.1392804860990724
50323.50927734375,top_heavy,True,1,2.0780544100581637
47327.667724609375,top_heavy,True,1,1.9543444017559812
57481.021240234375,top_heavy,True,1,2.373616057350223
63823.38342285156,top_heavy,True,1,2.635516983836434
38077.77801513672,top_heavy,True,1,1.5723802983110897
49395.055908203125,top_heavy,True,1,2.0397149411701174
45374.767639160156,top_heavy,True,1,1.8737015234422905
57395.691955566406,top_heavy,True,1,2.370092477638519
40977.82067871094,top_heavy,True,1,1.6921343960069435
30297.840881347656,top_heavy,True,1,1.2511162826848132
71988.40728759766,top_heavy,True,1,2.972682735868053
32599.947814941406,top_heavy,True,1,1.3461792767899112
41873.516845703125,top_heavy,True,1,1.7291211919720708
41710.923583984375,top_heavy,True,1,1.7224070806270477
44461.11785888672,top_heavy,True,1,1.835973352605034
49684.45196533203,top_heavy,True,1,2.051665235603199
29749.868225097656,top_heavy,True,1,1.2284883497114611
53574.02392578125,top_heavy,True,1,2.212280865985896
51533.91925048828,top_heavy,True,1,2.128036969279323
40908.585876464844,top_heavy,True,1,1.689275420386939
68791.0365600586,top_heavy,True,1,2.840650800171057
40764.784118652344,top_heavy,True,1,1.6833372836932223
42374.20739746094,top_heavy,True,1,1.7497966620276382
58249.40313720703,top_heavy,True,1,2.4053455494413427
50614.1865234375,top_heavy,True,1,2.0900576097917054
40114.53234863281,top_heavy,True,1,1.6564858463085572
55856.91473388672,top_heavy,True,1,2.306550351154742
44888.62548828125,top_heavy,True,1,1.8536268137279603
58002.70812988281,top_heavy,True,1,2.3951585482708935
28074.869079589844,top_heavy,True,1,1.1593210875083613
49609.53680419922,top_heavy,True,1,2.0485716957605327
61481.059997558594,top_heavy,True,1,2.538793293584888
51387.23059082031,top_heavy,True,1,2.121979621123244
73155.25964355469,top_heavy,True,1,3.020866630811066
48722.04864501953,top_heavy,True,1,2.0119238405226616
49623.821838378906,top_heavy,True,1,2.049161580661272
64839.610900878906,top_heavy,True,1,2.677480988784868
61238.83264160156,top_heavy,True,1,2.528790779203208
50392.46887207031,top_heavy,True,1,2.080902021283915
54222.9892578125,top_heavy,True,1,2.239079181317406
37052.617919921875,top_heavy,True,1,1.5300474306818452
58534.32214355469,top_heavy,True,1,2.4171109689471066
39914.250427246094,top_heavy,True,1,1.648215422882821
64296.93145751953,top_heavy,True,1,2.655071633262665
64974.21057128906,top_heavy,True,1,2.6830391353192575
63483.40881347656,top_heavy,True,1,2.621478103272165
44146.45001220703,top_heavy,True,1,1.8229794871952816
57756.689392089844,top_heavy,True,1,2.384999472912892
39941.537353515625,top_heavy,True,1,1.6493422067316743
60427.589111328125,top_heavy,True,1,2.4952913627291893
55839.954833984375,top_heavy,True,1,2.305850010592402
99483.45233154297,top_heavy,True,1,4.1080606224424665
58060.65997314453,top_heavy,True,1,2.39755160640993
61193.63104248047,top_heavy,True,1,2.5269242284847833
40980.858825683594,top_heavy,True,1,1.692259852971404
36329.44500732422,top_heavy,True,1,1.500184794275152
68928.49682617188,top_heavy,True,1,2.84632707188395
51957.90319824219,top_heavy,True,1,2.1455449238134183
95215.74670410156,top_heavy,True,1,3.9318303748447025
51356.05358886719,top_heavy,True,1,2.12069220084331
64732.267639160156,top_heavy,True,1,2.673048365909239
52328.63995361328,top_heavy,True,1,2.160854093633505
38603.12170410156,top_heavy,True,1,1.5940737927697743
56701.07489013672,top_heavy,True,1,2.341409023784722
49862.27185058594,top_heavy,True,1,2.059008113754073
61783.12841796875,top_heavy,True,1,2.551266879433465
29027.560424804688,top_heavy,True,1,1.1986614371735078
41303.49755859375,top_heavy,True,1,1.7055828674313946
52893.169982910156,top_heavy,True,1,2.184165745261878
49942.1953125,top_heavy,True,1,2.062308465913186
51944.75616455078,top_heavy,True,1,2.145002031401225
39804.16064453125,top_heavy,True,1,1.6436693854192548
52326.96826171875,top_heavy,True,1,2.1607850629406227
56538.262145996094,top_heavy,True,1,2.3346858491525544
56572.029724121094,top_heavy,True,1,2.336080244449053
46037.74725341797,top_heavy,True,1,1.9010785432680395
74087.65161132812,top_heavy,True,1,3.05936873983244
39889.45538330078,top_heavy,True,1,1.6471915385957738
60841.946350097656,top_heavy,True,1,2.5124017928190123
48086.688537597656,top_heavy,True,1,1.985687338097393
37305.986877441406,top_heavy,True,1,1.5405100253439854
65878.8696899414,top_heavy,True,1,2.7203960465941477
44344.82763671875,top_heavy,True,1,1.8311712747592508
42029.703063964844,top_heavy,True,1,1.7355707314479516
35188.79962158203,top_heavy,True,1,1.453083087574002
53564.260498046875,top_heavy,True,1,2.2118776958900095
47411.595642089844,top_heavy,True,1,1.957810113538641
55606.73486328125,top_heavy,True,1,2.296219446357259
92219.78839111328,top_heavy,True,1,3.808115545055226
57800.654296875,top_heavy,True,1,2.3868149556880116
46520.125,top_heavy,True,1,1.9209978060140898
38070.315002441406,top_heavy,True,1,1.5720721213443694
47230.63507080078,top_heavy,True,1,1.950337544184596
47148.0400390625,top_heavy,True,1,1.9469268724644124
55082.8017578125,top_heavy,True,1,2.2745842004050263
50216.6103515625,top_heavy,True,1,2.0736401355502805
54235.17852783203,top_heavy,True,1,2.2395825239237386
42685.31103515625,top_heavy,True,1,1.762643347316117
46998.337646484375,top_heavy,True,1,1.940745075495947
65993.46075439453,top_heavy,True,1,2.725127959575965
36616.92449951172,top_heavy,True,1,1.5120559462500496
55088.751220703125,top_heavy,True,1,2.274829876983923
52145.09197998047,top_heavy,True,1,2.1532746803226646
61890.35955810547,top_heavy,True,1,2.5556948723706947
49268.476806640625,top_heavy,True,1,2.0344879952754367
37390.429626464844,top_heavy,True,1,1.5439969965335043
34925.322692871094,top_heavy,True,1,1.4422030952698317
49386.67449951172,top_heavy,True,1,2.039368840042756
49338.27215576172,top_heavy,True,1,2.0373701180670585
68775.84411621094,top_heavy,True,1,2.84002344477811
49582.328552246094,top_heavy,True,1,2.0474481606817374
85564.13500976562,top_heavy,True,1,3.5332776003343316
42236.06414794922,top_heavy,True,1,1.7440921872604773
36796.99035644531,top_heavy,True,1,1.5194915693509652
51630.337646484375,top_heavy,True,1,2.132018461744528
46352.601501464844,top_heavy,True,1,1.9140801059188766
35459.172424316406,top_heavy,True,1,1.4642478374722152
63076.879455566406,top_heavy,True,1,2.604690916981807
49364.99304199219,top_heavy,True,1,2.0384735279100776
45848.99768066406,top_heavy,True,1,1.893284335596707
64536.93475341797,top_heavy,True,1,2.66498230751079
74276.0269165039,top_heavy,True,1,3.067147492532479
46551.93475341797,top_heavy,True,1,1.9223113550753996
53493.088439941406,top_heavy,True,1,2.2089387234029383
46966.053161621094,top_heavy,True,1,1.9394119229175595
66067.115234375,top_heavy,True,1,2.728169440965914
46085.84240722656,top_heavy,True,1,1.9030645801702668
32410.512756347656,top_heavy,True,1,1.3383567627287227
45525.48748779297,top_heavy,True,1,1.8799253351484373
61726.348205566406,top_heavy,True,1,2.548922202512457
62074.68640136719,top_heavy,True,1,2.5633064482530736
41570.51379394531,top_heavy,True,1,1.7166090115417232
54719.56475830078,top_heavy,True,1,2.259584724820531
36994.389892578125,top_heavy,True,1,1.5276429678224726
65386.604553222656,top_heavy,True,1,2.700068494860055
45954.229064941406,top_heavy,True,1,1.8976297507975604
58914.739807128906,top_heavy,True,1,2.43281990130907
68101.29107666016,top_heavy,True,1,2.8121685129820926
51772.968688964844,top_heavy,True,1,2.137908255025919
54022.54333496094,top_heavy,True,1,2.2308019856301127
38892.62469482422,top_heavy,True,1,1.6060285029089396
43049.9619140625,top_heavy,True,1,1.7777012075075935
42291.57879638672,top_heavy,True,1,1.7463846040983528
44557.42950439453,top_heavy,True,1,1.8399504369252957
71591.07104492188,top_heavy,True,1,2.956275169241135
37930.484436035156,top_heavy,True,1,1.5662979706669988
63695.67559814453,top_heavy,True,1,2.630243428550995
66326.87683105469,top_heavy,True,1,2.738896012687473
61502.106201171875,top_heavy,True,1,2.5396623736006023
50361.59832763672,top_heavy,True,1,2.0796272558328894
35137.61688232422,top_heavy,True,1,1.4509695521993646
47206.2578125,top_heavy,True,1,1.949330911899914
45397.75891113281,top_heavy,True,1,1.8746509229337351
35516.857482910156,top_heavy,True,1,1.4666298790294634
40954.975646972656,top_heavy,True,1,1.6911910353464217
35776.45861816406,top_heavy,True,1,1.4773498246715167
64281.4384765625,top_heavy,True,1,2.6544318675176877
54950.31085205078,top_heavy,True,1,2.269113133006022
44571.517822265625,top_heavy,True,1,1.8405321986406995
28797.260009765625,top_heavy,True,1,1.1891514328041262
62497.667053222656,top_heavy,True,1,2.5807729727776914
65990.87591552734,top_heavy,True,1,2.7250212214751373
66960.48553466797,top_heavy,True,1,2.765060192803338
45436.66357421875,top_heavy,True,1,1.8762574485488708
50367.73840332031,top_heavy,True,1,2.0798808035591034
52001.81622314453,top_heavy,True,1,2.147358264265381
32404.67138671875,top_heavy,True,1,1.3381155497431332
48783.61248779297,top_heavy,True,1,2.014466052240656
38017.24005126953,top_heavy,True,1,1.5698804491432419
28099.71160888672,top_heavy,True,1,1.1603469326511922
52618.075622558594,top_heavy,True,1,2.1728060237933264
64783.28674316406,top_heavy,True,1,2.6751551441446004
46524.938903808594,top_heavy,True,1,1.9211965909196478
52006.21472167969,top_heavy,True,1,2.147539895463401
56731.60089111328,top_heavy,True,1,2.342669561689604
38646.32214355469,top_heavy,True,1,1.5958577077830787
46550.89239501953,top_heavy,True,1,1.9222683120226032
58581.61114501953,top_heavy,True,1,2.419063716667852
39761.40393066406,top_heavy,True,1,1.6419037935698941
70306.39544677734,top_heavy,True,1,2.9032258920632366
45603.568908691406,top_heavy,True,1,1.8831496222335722
54141.80236816406,top_heavy,True,1,2.2357266572884664
48662.730407714844,top_heavy,True,1,2.0094743586324273
37107.437255859375,top_heavy,True,1,1.5323111353486552
68508.65692138672,top_heavy,True,1,2.8289902410828835
55893.02801513672,top_heavy,True,1,2.308041609702504
41088.3515625,top_heavy,True,1,1.6966986482581055
39022.879638671875,top_heavy,True,1,1.6114072387002523
54858.219299316406,top_heavy,True,1,2.2653103128125003
24216.646606445312,top_heavy,True,1,1.0
21211.601501464844,mid_heavy,True,1,54.23172397241185
23720.43585205078,mid_heavy,True,1,60.64606340755943
23167.74920654297,mid_heavy,True,1,59.23300887698342
21297.551330566406,mid_heavy,True,1,54.45147199129623
20342.241455078125,mid_heavy,True,1,52.00903022319014
55643.72302246094,mid_heavy,True,1,142.26436544845728
54241.46936035156,mid_heavy,True,1,138.67922202882593
39843.23254394531,mid_heavy,True,1,101.86723474616659
38983.06427001953,mid_heavy,True,1,99.66804161130841
26814.584350585938,mid_heavy,True,1,68.55687614325142
22767.551879882812,mid_heavy,True,1,58.20982394903576
32604.134338378906,mid_heavy,True,1,83.35902471467286
17959.677978515625,mid_heavy,True,1,45.91752766508465
27151.513732910156,mid_heavy,True,1,69.41830385106218
26666.656005859375,mid_heavy,True,1,68.17866758797788
23412.661376953125,mid_heavy,True,1,59.859176081861875
46588.71838378906,mid_heavy,True,1,119.1134255206329
31081.28204345703,mid_heavy,True,1,79.46554664309708
38811.63330078125,mid_heavy,True,1,99.22974387111131
13272.376037597656,mid_heavy,True,1,33.93349783981856
35396.43621826172,mid_heavy,True,1,90.49810588150477
35379.79034423828,mid_heavy,True,1,90.45554735779989
18304.851318359375,mid_heavy,True,1,46.800032707796724
52026.72521972656,mid_heavy,True,1,133.01678334424113
13895.867431640625,mid_heavy,True,1,35.52757894579151
26768.380493164062,mid_heavy,True,1,68.43874669215877
12982.716918945312,mid_heavy,True,1,33.192926065086645
34398.5146484375,mid_heavy,True,1,87.94671874946359
33226.44958496094,mid_heavy,True,1,84.95009876318962
35923.102111816406,mid_heavy,True,1,91.84463312806695
24109.992614746094,mid_heavy,True,1,61.642043594374634
28525.911987304688,mid_heavy,True,1,72.93222932035508
32557.87353515625,mid_heavy,True,1,83.24074967019118
30951.493774414062,mid_heavy,True,1,79.13371683849184
33176.982421875,mid_heavy,True,1,84.82362601505744
22821.76788330078,mid_heavy,True,1,58.34843806226279
24217.000732421875,mid_heavy,True,1,61.91563136190834
25449.06561279297,mid_heavy,True,1,65.06565294343642
27742.801879882812,mid_heavy,True,1,70.93005088122233
15023.049133300781,mid_heavy,True,1,38.40944559348266
20274.906372070312,mid_heavy,True,1,51.83687454531325
29672.426208496094,mid_heavy,True,1,75.86352344115983
28397.735717773438,mid_heavy,True,1,72.6045209166048
18365.536254882812,mid_heavy,True,1,46.95518594913001
22702.67315673828,mid_heavy,True,1,58.04394844901688
25498.39569091797,mid_heavy,True,1,65.19177520630411
30964.474670410156,mid_heavy,True,1,79.16690510900155
30139.631774902344,mid_heavy,True,1,77.05802840647178
39100.583984375,mid_heavy,True,1,99.96850438918034
41892.78790283203,mid_heavy,True,1,107.10733509793145
41428.06964111328,mid_heavy,True,1,105.91918942714229
24076.282287597656,mid_heavy,True,1,61.555856365333604
40873.984313964844,mid_heavy,True,1,104.50255888573774
25470.275329589844,mid_heavy,True,1,65.11987984878262
39569.1484375,mid_heavy,True,1,101.166483621602
22782.768798828125,mid_heavy,True,1,58.24872906178247
29242.88116455078,mid_heavy,True,1,74.76530517341843
22670.057861328125,mid_heavy,True,1,57.9605608887782
41276.57647705078,mid_heavy,True,1,105.53186669450575
27452.88446044922,mid_heavy,True,1,70.18881870861004
38599.10711669922,mid_heavy,True,1,98.6863779516992
17441.783142089844,mid_heavy,True,1,44.593425389552046
23186.07354736328,mid_heavy,True,1,59.279858738521455
14337.059936523438,mid_heavy,True,1,36.65557628921932
47311.02313232422,mid_heavy,True,1,120.96014283444893
35669.961486816406,mid_heavy,True,1,91.19742822464389
14474.143310546875,mid_heavy,True,1,37.00605749643663
29582.257202148438,mid_heavy,True,1,75.63298824735209
19849.701538085938,mid_heavy,True,1,50.749752896965134
23754.696350097656,mid_heavy,True,1,60.73365725911784
33518.936584472656,mid_heavy,True,1,85.69790058390284
41729.84289550781,mid_heavy,True,1,106.69073342552687
30538.291015625,mid_heavy,True,1,78.07728090847777
18977.677124023438,mid_heavy,True,1,48.52024715609141
34785.0087890625,mid_heavy,True,1,88.93486872719544
20307.67901611328,mid_heavy,True,1,51.92066439896771
27187.602600097656,mid_heavy,True,1,69.51057229593441
38983.94696044922,mid_heavy,True,1,99.6702983868627
23760.215393066406,mid_heavy,True,1,60.747767802107845
21456.315002441406,mid_heavy,True,1,54.857383238939505
36328.19189453125,mid_heavy,True,1,92.88032660357932
19502.224609375,mid_heavy,True,1,49.86135826616219
28769.962829589844,mid_heavy,True,1,73.55619436670621
32806.38854980469,mid_heavy,True,1,83.87612827074067
42353.63708496094,mid_heavy,True,1,108.28558868884492
21236.993041992188,mid_heavy,True,1,54.29664255090853
39736.588439941406,mid_heavy,True,1,101.5945776527724
34555.84997558594,mid_heavy,True,1,88.34897814663518
29010.584350585938,mid_heavy,True,1,74.17139166369394
31824.729614257812,mid_heavy,True,1,81.36631983294056
31217.018493652344,mid_heavy,True,1,79.81258416873978
33751.10412597656,mid_heavy,True,1,86.29148358258983
26204.624084472656,mid_heavy,True,1,66.9973900863542
29276.12176513672,mid_heavy,True,1,74.85029145206076
48180.25646972656,mid_heavy,True,1,123.18251262667638
19118.84539794922,mid_heavy,True,1,48.881172231205426
20526.812927246094,mid_heavy,True,1,52.48092430111272
21390.33544921875,mid_heavy,True,1,54.68869324549667
24752.192016601562,mid_heavy,True,1,63.28395548368995
30291.486328125,mid_heavy,True,1,77.44627510315595
43941.51824951172,mid_heavy,True,1,112.34532614011484
40692.80212402344,mid_heavy,True,1,104.03933018926516
34474.161376953125,mid_heavy,True,1,88.14012482019294
20980.66473388672,mid_heavy,True,1,53.641287694721406
25661.276306152344,mid_heavy,True,1,65.60821224738454
22987.47235107422,mid_heavy,True,1,58.77209485011371
24822.672485351562,mid_heavy,True,1,63.46415297261752
21552.843627929688,mid_heavy,True,1,55.104178077724086
24382.084411621094,mid_heavy,True,1,62.33770097895559
25268.186889648438,mid_heavy,True,1,64.60320012084408
19308.064819335938,mid_heavy,True,1,49.36494972580692
20103.487243652344,mid_heavy,True,1,51.39860707855395
53973.572204589844,mid_heavy,True,1,137.99428908761163
24951.2177734375,mid_heavy,True,1,63.7928048464965
36209.31091308594,mid_heavy,True,1,92.57638347270039
18164.366760253906,mid_heavy,True,1,46.44085568964296
56965.759033203125,mid_heavy,True,1,145.64441631407473
20914.788208007812,mid_heavy,True,1,53.4728611113972
16622.627868652344,mid_heavy,True,1,42.499090236379374
16652.61767578125,mid_heavy,True,1,42.57576520795511
44932.99072265625,mid_heavy,True,1,114.8802248598605
43829.61169433594,mid_heavy,True,1,112.05921453224886
29047.08465576172,mid_heavy,True,1,74.26471203250556
25134.153198242188,mid_heavy,True,1,64.26051604039662
31696.64520263672,mid_heavy,True,1,81.03884628240623
28999.615295410156,mid_heavy,True,1,74.14334706873537
27775.19305419922,mid_heavy,True,1,71.0128654308238
31740.8759765625,mid_heavy,True,1,81.15193114883951
26099.09637451172,mid_heavy,True,1,66.72758727878934
23408.296264648438,mid_heavy,True,1,59.848015794620004
22373.70379638672,mid_heavy,True,1,57.2028721377947
36954.00177001953,mid_heavy,True,1,94.48033537351337
26960.39617919922,mid_heavy,True,1,68.92967339954166
40573.344665527344,mid_heavy,True,1,103.73391317890135
33795.09924316406,mid_heavy,True,1,86.40396594519135
22151.313110351562,mid_heavy,True,1,56.63428563581554
19424.440673828125,mid_heavy,True,1,49.66248799595772
27101.241455078125,mid_heavy,True,1,69.28977266520792
10856.677307128906,mid_heavy,True,1,27.757278343038
27774.13720703125,mid_heavy,True,1,71.01016594525376
26728.08721923828,mid_heavy,True,1,68.33572883613613
34867.466369628906,mid_heavy,True,1,89.14568811055985
43751.404724121094,mid_heavy,True,1,111.85926268886178
45706.04504394531,mid_heavy,True,1,116.85669365996188
26960.675354003906,mid_heavy,True,1,68.93038716605979
21369.418212890625,mid_heavy,True,1,54.63521412527398
26689.688720703125,mid_heavy,True,1,68.23755535435683
26633.65594482422,mid_heavy,True,1,68.0942962970592
18618.74249267578,mid_heavy,True,1,47.60255860485018
18882.679260253906,mid_heavy,True,1,48.27736601741066
22297.660766601562,mid_heavy,True,1,57.00845284319077
24925.205810546875,mid_heavy,True,1,63.72630003348804
25419.901123046875,mid_heavy,True,1,64.9910880616854
31795.2236328125,mid_heavy,True,1,81.2908818590013
25619.01300048828,mid_heavy,True,1,65.50015760913496
15021.075622558594,mid_heavy,True,1,38.40439991648277
17793.19024658203,mid_heavy,True,1,45.4918683049278
20244.399169921875,mid_heavy,True,1,51.75887674934436
26551.723388671875,mid_heavy,True,1,67.88481924416901
21632.54180908203,mid_heavy,True,1,55.30794250169079
42172.47302246094,mid_heavy,True,1,107.82240633882094
29953.32928466797,mid_heavy,True,1,76.5817086328297
27367.066833496094,mid_heavy,True,1,69.96940869109827
17900.226196289062,mid_heavy,True,1,45.765527230645205
28692.689697265625,mid_heavy,True,1,73.35863006764085
23585.907287597656,mid_heavy,True,1,60.30211408467012
20007.802978515625,mid_heavy,True,1,51.153971016772424
30608.4755859375,mid_heavy,True,1,78.25672187355752
15780.001647949219,mid_heavy,True,1,40.344746887531684
39181.10510253906,mid_heavy,True,1,100.17437281707447
31766.898193359375,mid_heavy,True,1,81.21846217802093
21854.75213623047,mid_heavy,True,1,55.8760678799137
17781.452209472656,mid_heavy,True,1,45.461857653047055
57111.46032714844,mid_heavy,True,1,146.0169309662626
24363.0400390625,mid_heavy,True,1,62.28901021151146
31566.8076171875,mid_heavy,True,1,80.70689039049302
11490.024658203125,mid_heavy,True,1,29.376558184767216
20127.13250732422,mid_heavy,True,1,51.45906094916903
17767.126831054688,mid_heavy,True,1,45.42523194290867
30164.365844726562,mid_heavy,True,1,77.12126602892705
26837.0029296875,mid_heavy,True,1,68.61419374812937
82715.4501953125,mid_heavy,True,1,211.47867891710976
19609.461669921875,mid_heavy,True,1,50.13553137217634
32524.333129882812,mid_heavy,True,1,83.15499688058752
35763.64288330078,mid_heavy,True,1,91.4369435500256
27372.422485351562,mid_heavy,True,1,69.98310149185629
47445.44171142578,mid_heavy,True,1,121.30381095767368
32384.960876464844,mid_heavy,True,1,82.79866369300362
35961.68585205078,mid_heavy,True,1,91.94328021749436
26113.278198242188,mid_heavy,True,1,66.76384596250651
37546.67138671875,mid_heavy,True,1,95.99561440878317
18982.473999023438,mid_heavy,True,1,48.53251133147261
32231.314697265625,mid_heavy,True,1,82.40583634429201
25969.457763671875,mid_heavy,True,1,66.39614010547017
44902.39971923828,mid_heavy,True,1,114.80201280909726
30276.169860839844,mid_heavy,True,1,77.40711547506358
12551.461608886719,mid_heavy,True,1,32.090335158166226
29449.497924804688,mid_heavy,True,1,75.29356246268486
21627.800720214844,mid_heavy,True,1,55.29582095477429
22724.607421875,mid_heavy,True,1,58.10002780786916
36895.27111816406,mid_heavy,True,1,94.3301786538557
22457.810791015625,mid_heavy,True,1,57.41790857983558
391.1290283203125,mid_heavy,True,1,1.0
26069.31512451172,bottom_heavy,True,1,1.4692984929330855
23049.254150390625,bottom_heavy,True,1,1.2990841617683246
16406.594604492188,bottom_heavy,True,1,0.9246957433062206
24039.065795898438,bottom_heavy,True,1,1.354871157018722
23908.972900390625,bottom_heavy,True,1,1.347538962275669
36858.98522949219,bottom_heavy,True,1,2.07741749984888
18560.731872558594,bottom_heavy,True,1,1.0461055550494145
21538.984802246094,bottom_heavy,True,1,1.2139635336830343
18652.961547851562,bottom_heavy,True,1,1.0513037323802892
23652.70489501953,bottom_heavy,True,1,1.3330953839814055
30494.116088867188,bottom_heavy,True,1,1.7186856884694748
19276.11444091797,bottom_heavy,True,1,1.0864253917823987
25934.065856933594,bottom_heavy,True,1,1.4616756787519798
30171.570922851562,bottom_heavy,True,1,1.7005066483195472
24655.273864746094,bottom_heavy,True,1,1.3896013976317472
26694.735778808594,bottom_heavy,True,1,1.5045479661324639
17021.588012695312,bottom_heavy,True,1,0.9593575241593361
22813.632751464844,bottom_heavy,True,1,1.2858042514718349
23698.312438964844,bottom_heavy,True,1,1.3356658809532351
22582.947875976562,bottom_heavy,True,1,1.272802569675496
19026.476013183594,bottom_heavy,True,1,1.0723554645941917
21443.70770263672,bottom_heavy,True,1,1.208593599789548
20182.956909179688,bottom_heavy,True,1,1.1375361427008934
13403.198059082031,bottom_heavy,True,1,0.7554206397304326
15468.519226074219,bottom_heavy,True,1,0.8718246673617976
22678.09716796875,bottom_heavy,True,1,1.278165300175321
16362.941345214844,bottom_heavy,True,1,0.9222353922090983
25060.628051757812,bottom_heavy,True,1,1.4124476555113963
18371.578247070312,bottom_heavy,True,1,1.0354446253113163
25199.136169433594,bottom_heavy,True,1,1.4202541424707975
33810.642517089844,bottom_heavy,True,1,1.9056091753154518
25731.16473388672,bottom_heavy,True,1,1.4502399232331518
20467.097412109375,bottom_heavy,True,1,1.153550649056041
16720.36834716797,bottom_heavy,True,1,0.9423804153059855
17011.49969482422,bottom_heavy,True,1,0.958788934222338
26206.77117919922,bottom_heavy,True,1,1.4770456843354012
15177.387084960938,bottom_heavy,True,1,0.855416103725236
25843.467163085938,bottom_heavy,True,1,1.4565694255306627
24912.07794189453,bottom_heavy,True,1,1.404075189587198
26320.250854492188,bottom_heavy,True,1,1.483441537662968
24683.828002929688,bottom_heavy,True,1,1.3912107437921573
23981.16290283203,bottom_heavy,True,1,1.3516076791286202
24057.212646484375,bottom_heavy,True,1,1.3558939357181259
23239.0087890625,bottom_heavy,True,1,1.3097789653447138
27455.447204589844,bottom_heavy,True,1,1.547422592723879
28113.679138183594,bottom_heavy,True,1,1.5845213497648867
33685.641174316406,bottom_heavy,True,1,1.8985639467133804
24922.94512939453,bottom_heavy,True,1,1.4046876775693298
29384.78778076172,bottom_heavy,True,1,1.6561625879015267
19431.799743652344,bottom_heavy,True,1,1.0952000059058196
18429.32257080078,bottom_heavy,True,1,1.038699166039655
27989.363708496094,bottom_heavy,True,1,1.5775147800634666
26539.860717773438,bottom_heavy,True,1,1.4958190182224393
20559.768432617188,bottom_heavy,True,1,1.1587737011431545
16311.436279296875,bottom_heavy,True,1,0.9193325036840164
26516.489868164062,bottom_heavy,True,1,1.4945018085471713
22552.324951171875,bottom_heavy,True,1,1.2710766241702216
17975.304138183594,bottom_heavy,True,1,1.0131101317431213
16177.291687011719,bottom_heavy,True,1,0.9117719503538532
19315.719787597656,bottom_heavy,True,1,1.0886575975734072
45319.22424316406,bottom_heavy,True,1,2.5542469206936906
19357.31756591797,bottom_heavy,True,1,1.0910020992491698
28796.527465820312,bottom_heavy,True,1,1.6230075168892062
32401.90704345703,bottom_heavy,True,1,1.8262111206115181
18599.987426757812,bottom_heavy,True,1,1.0483180461082968
31825.18194580078,bottom_heavy,True,1,1.793706188557271
22706.100341796875,bottom_heavy,True,1,1.2797435933106218
24438.99725341797,bottom_heavy,True,1,1.3774117832301667
19263.162353515625,bottom_heavy,True,1,1.085695396291159
26217.00946044922,bottom_heavy,True,1,1.4776227263918955
19401.639404296875,bottom_heavy,True,1,1.093500132282378
33766.79772949219,bottom_heavy,True,1,1.9031380294478861
20434.570678710938,bottom_heavy,True,1,1.1517174025693535
20224.522888183594,bottom_heavy,True,1,1.1398788521282808
20746.956909179688,bottom_heavy,True,1,1.169323872683684
19202.612060546875,bottom_heavy,True,1,1.0822827077038017
23637.87188720703,bottom_heavy,True,1,1.3322593775147809
18001.615173339844,bottom_heavy,True,1,1.014593053872757
23625.437255859375,bottom_heavy,True,1,1.3315585464798254
23863.171508789062,bottom_heavy,True,1,1.3449575398127853
23542.18280029297,bottom_heavy,True,1,1.326866223512788
13822.583312988281,bottom_heavy,True,1,0.7790577057054965
22695.45343017578,bottom_heavy,True,1,1.279143520346505
23558.375427246094,bottom_heavy,True,1,1.3277788597775007
26721.369384765625,bottom_heavy,True,1,1.5060490687470562
27432.031372070312,bottom_heavy,True,1,1.5461028477567635
29768.529296875,bottom_heavy,True,1,1.677790729208966
23615.998901367188,bottom_heavy,True,1,1.3310265892740105
35093.60729980469,bottom_heavy,True,1,1.977918640014688
22596.336791992188,bottom_heavy,True,1,1.2735571853617849
19408.316650390625,bottom_heavy,True,1,1.0938764700409895
20888.453979492188,bottom_heavy,True,1,1.177298820670297
26388.0615234375,bottom_heavy,True,1,1.4872634299225176
17579.51239013672,bottom_heavy,True,1,0.9908028246219673
23472.685546875,bottom_heavy,True,1,1.322949273289036
30881.93505859375,bottom_heavy,True,1,1.7405436400508083
25286.984802246094,bottom_heavy,True,1,1.4252053988878208
26220.9013671875,bottom_heavy,True,1,1.4778420790169216
25057.88946533203,bottom_heavy,True,1,1.4122933054301245
15646.573852539062,bottom_heavy,True,1,0.8818600439367109
21570.542602539062,bottom_heavy,True,1,1.2157421699145303
25932.840942382812,bottom_heavy,True,1,1.4616066410693695
21737.939392089844,bottom_heavy,True,1,1.2251768577624493
22837.597900390625,bottom_heavy,True,1,1.287154956583626
16818.16552734375,bottom_heavy,True,1,0.9478923840231949
24728.009216308594,bottom_heavy,True,1,1.3937008510283289
21978.0869140625,bottom_heavy,True,1,1.2387118658910008
36076.23553466797,bottom_heavy,True,1,2.0333007694531635
22045.695922851562,bottom_heavy,True,1,1.2425223923374384
25241.230529785156,bottom_heavy,True,1,1.4226266321173469
16712.836853027344,bottom_heavy,True,1,0.9419559310823877
18618.45086669922,bottom_heavy,True,1,1.049358668171082
26624.106994628906,bottom_heavy,True,1,1.5005672414506965
20686.192138671875,bottom_heavy,True,1,1.165899095879839
35010.883056640625,bottom_heavy,True,1,1.9732562004672944
16993.538330078125,bottom_heavy,True,1,0.9577766097317862
20865.381713867188,bottom_heavy,True,1,1.175998439553668
25773.50860595703,bottom_heavy,True,1,1.4526264756654157
25151.518676757812,bottom_heavy,True,1,1.4175703623296003
23363.72491455078,bottom_heavy,True,1,1.3168081187516667
19075.418701171875,bottom_heavy,True,1,1.0751139343644107
18942.562255859375,bottom_heavy,True,1,1.0676259825735115
33017.18054199219,bottom_heavy,True,1,1.860888687698402
15960.171447753906,bottom_heavy,True,1,0.8995347880500831
43706.55877685547,bottom_heavy,True,1,2.4633551221199514
21186.21942138672,bottom_heavy,True,1,1.1940812452538958
19668.548461914062,bottom_heavy,True,1,1.1085434532992156
17796.65447998047,bottom_heavy,True,1,1.003041218451492
23358.277404785156,bottom_heavy,True,1,1.3165010904369356
19223.122680664062,bottom_heavy,True,1,1.0834387113457606
28202.637573242188,bottom_heavy,True,1,1.5895351559942026
21538.074584960938,bottom_heavy,True,1,1.213912232723307
25362.199279785156,bottom_heavy,True,1,1.429444578857339
32529.778747558594,bottom_heavy,True,1,1.8334181262895675
23839.99169921875,bottom_heavy,True,1,1.343651097387832
32903.32580566406,bottom_heavy,True,1,1.8544716954720541
16567.80047607422,bottom_heavy,True,1,0.9337815034436143
23393.736450195312,bottom_heavy,True,1,1.318499605615917
21512.03253173828,bottom_heavy,True,1,1.2124444707445141
18622.771057128906,bottom_heavy,True,1,1.0496021593889067
20024.47186279297,bottom_heavy,True,1,1.1286037316000936
20229.997009277344,bottom_heavy,True,1,1.1401873802900206
16770.90069580078,bottom_heavy,True,1,0.9452284802948793
21263.12530517578,bottom_heavy,True,1,1.1984157549488863
19402.23419189453,bottom_heavy,True,1,1.0935336552390296
18384.001037597656,bottom_heavy,True,1,1.0361447889831532
28676.25994873047,bottom_heavy,True,1,1.6162290924939
22954.715759277344,bottom_heavy,True,1,1.2937558623893948
35112.608947753906,bottom_heavy,True,1,1.9789895961392232
27458.111755371094,bottom_heavy,True,1,1.5475727700656516
20513.628051757812,bottom_heavy,True,1,1.1561731728309896
25417.492248535156,bottom_heavy,True,1,1.4325609582200554
25289.5771484375,bottom_heavy,True,1,1.4253515066905766
28387.91552734375,bottom_heavy,True,1,1.5999776481515506
26917.56884765625,bottom_heavy,True,1,1.5171071105008431
22382.775512695312,bottom_heavy,True,1,1.2615206103953516
20457.879760742188,bottom_heavy,True,1,1.1530311309483536
21222.40936279297,bottom_heavy,True,1,1.1961209546253762
23773.60009765625,bottom_heavy,True,1,1.3399091855020275
21271.561950683594,bottom_heavy,True,1,1.1988912546108772
23833.175720214844,bottom_heavy,True,1,1.3432669404726822
36492.48858642578,bottom_heavy,True,1,2.0567613006832874
22414.237426757812,bottom_heavy,True,1,1.2632938423615936
18581.994262695312,bottom_heavy,True,1,1.0473039293693698
17587.057006835938,bottom_heavy,True,1,0.9912280484490212
17215.988342285156,bottom_heavy,True,1,0.9703141645592784
21925.536987304688,bottom_heavy,True,1,1.23575008773073
16748.983825683594,bottom_heavy,True,1,0.9439932186825511
22597.233032226562,bottom_heavy,True,1,1.273607698557831
25906.22100830078,bottom_heavy,True,1,1.460106309018378
16647.79168701172,bottom_heavy,True,1,0.9382899059511989
21239.233459472656,bottom_heavy,True,1,1.1970691812964014
26385.744750976562,bottom_heavy,True,1,1.4871328537923405
37288.618896484375,bottom_heavy,True,1,2.101632178923107
23771.363647460938,bottom_heavy,True,1,1.3397831364330053
18295.10040283203,bottom_heavy,True,1,1.0311342404490602
18143.963623046875,bottom_heavy,True,1,1.0226159866436009
21888.737182617188,bottom_heavy,True,1,1.2336760057186278
24523.893310546875,bottom_heavy,True,1,1.3821966288695589
20616.433959960938,bottom_heavy,True,1,1.1619674395873665
30070.08740234375,bottom_heavy,True,1,1.6947869129514528
26929.205627441406,bottom_heavy,True,1,1.5177629736456653
27147.99560546875,bottom_heavy,True,1,1.5300942444692007
22640.881896972656,bottom_heavy,True,1,1.2760678019737959
27274.15350341797,bottom_heavy,True,1,1.5372046579358782
18923.073974609375,bottom_heavy,True,1,1.0665275992008099
13592.874328613281,bottom_heavy,True,1,0.7661110263261816
26196.746704101562,bottom_heavy,True,1,1.4764806926552176
25371.49462890625,bottom_heavy,True,1,1.42996847610549
20300.445678710938,bottom_heavy,True,1,1.1441579534843502
23860.33380126953,bottom_heavy,True,1,1.3447976031454076
24629.434814453125,bottom_heavy,True,1,1.3881450771464197
21114.42724609375,bottom_heavy,True,1,1.190034950425722
17778.691650390625,bottom_heavy,True,1,1.0020288114005544
24761.004272460938,bottom_heavy,True,1,1.3955604927583602
17470.41357421875,bottom_heavy,True,1,0.9846538818882039
26573.654418945312,bottom_heavy,True,1,1.497723672562813
14336.05126953125,bottom_heavy,True,1,0.8079973878994737
33716.24572753906,bottom_heavy,True,1,1.900288856773816
22928.33673095703,bottom_heavy,True,1,1.2922691080818514
22151.99627685547,bottom_heavy,True,1,1.2485136103341605
24050.387573242188,bottom_heavy,True,1,1.3555092662405808
17742.695068359375,bottom_heavy,True,1,1.0
